schema_version,experiment,seed,condition,compromise_fraction,required_fragments,emitted_fragments,recovery_fragments,redundancy_factor,bandwidth_overhead,magnet_strength,wandering_strength,hop_budget,custody_rounds,message_reconstructed,effective_reconstruction_ratio,reconstruction_margin,delivered_total,primary_delivered,recovery_delivered,clean_reconstruction,delivered_compromised_fragments,mean_hop_count,mean_transport_delivery_ratio,loop_rate,dead_end_rate,mean_compromised_relays_per_fragment,reticulum_graph_visible,voxmesh_knows_reticulum_identity,reticulum_knows_whisper_payload,network_profile,network_risk,adaptive_redundancy_factor,adaptive_custody_rounds,adaptive_repair_budget_factor,receive_mode
1.3.2,redundancy-compensated-pressure-routing,adaptive-000:good,random,0.2,100,127,27,1.261858554628441,1.27,6.0,0.5,12,5,True,1.0,7,107,83,24,False,80,5.346456692913386,0.6896836759041484,0.023622047244094488,0.007874015748031496,1.4094488188976377,False,False,False,good,0.07905703085627339,1.261858554628441,5,0.06185855462844101,BUFFERED
1.3.2,redundancy-compensated-pressure-routing,adaptive-000:normal,random,0.2,100,131,31,1.3044045752618472,1.31,6.0,0.5,12,6,True,1.0,12,112,86,26,False,72,5.091603053435114,0.6801939790489409,0.022900763358778626,0.0,1.0610687022900764,False,False,False,normal,0.3626971684123149,1.3044045752618472,6,0.10440457526184725,BUFFERED
1.3.2,redundancy-compensated-pressure-routing,adaptive-000:bad,random,0.2,100,135,35,1.3467662934445872,1.35,6.0,0.5,12,6,True,1.0,19,119,90,29,False,91,4.985185185185185,0.6981454759232537,0.014814814814814815,0.02962962962962963,1.0962962962962963,False,False,False,bad,0.6451086229639148,1.3467662934445872,6,0.14676629344458725,BUFFERED
1.3.2,redundancy-compensated-pressure-routing,adaptive-000:very_bad,random,0.2,100,139,39,1.3818229694064759,1.39,6.0,0.5,12,7,True,1.0,17,117,87,30,False,87,4.76978417266187,0.6676731342198968,0.03597122302158273,0.0,1.3453237410071943,False,False,False,very_bad,0.8788197960431734,1.3818229694064759,7,0.18182296940647602,STREAMING
1.3.2,redundancy-compensated-pressure-routing,adaptive-000:good,targeted,0.2,100,127,27,1.261858554628441,1.27,6.0,0.5,12,5,True,1.0,7,107,83,24,False,87,5.346456692913386,0.6896836759041484,0.023622047244094488,0.007874015748031496,2.220472440944882,False,False,False,good,0.07905703085627339,1.261858554628441,5,0.06185855462844101,BUFFERED
1.3.2,redundancy-compensated-pressure-routing,adaptive-000:normal,targeted,0.2,100,131,31,1.3044045752618472,1.31,6.0,0.5,12,6,True,1.0,12,112,86,26,False,93,5.091603053435114,0.6801939790489409,0.022900763358778626,0.0,2.099236641221374,False,False,False,normal,0.3626971684123149,1.3044045752618472,6,0.10440457526184725,BUFFERED
1.3.2,redundancy-compensated-pressure-routing,adaptive-000:bad,targeted,0.2,100,135,35,1.3467662934445872,1.35,6.0,0.5,12,6,True,1.0,19,119,90,29,False,101,4.985185185185185,0.6981454759232537,0.014814814814814815,0.02962962962962963,2.066666666666667,False,False,False,bad,0.6451086229639148,1.3467662934445872,6,0.14676629344458725,BUFFERED
1.3.2,redundancy-compensated-pressure-routing,adaptive-000:very_bad,targeted,0.2,100,139,39,1.3818229694064759,1.39,6.0,0.5,12,7,True,1.0,17,117,87,30,False,102,4.76978417266187,0.6676731342198968,0.03597122302158273,0.0,2.0863309352517985,False,False,False,very_bad,0.8788197960431734,1.3818229694064759,7,0.18182296940647602,STREAMING
1.3.2,redundancy-compensated-pressure-routing,adaptive-000:good,behavioral,0.2,100,127,27,1.261858554628441,1.27,6.0,0.5,12,5,True,1.0,8,108,84,24,True,0,5.267716535433071,0.6863843724079944,0.03937007874015748,0.007874015748031496,0.0,False,False,False,good,0.07905703085627339,1.261858554628441,5,0.06185855462844101,BUFFERED
1.3.2,redundancy-compensated-pressure-routing,adaptive-000:normal,behavioral,0.2,100,131,31,1.3044045752618472,1.31,6.0,0.5,12,6,True,1.0,17,117,90,27,True,0,5.198473282442748,0.7165050174592159,0.07633587786259542,0.0,0.0,False,False,False,normal,0.3626971684123149,1.3044045752618472,6,0.10440457526184725,BUFFERED
1.3.2,redundancy-compensated-pressure-routing,adaptive-000:bad,behavioral,0.2,100,135,35,1.3467662934445872,1.35,6.0,0.5,12,6,True,1.0,17,117,89,28,True,0,5.2,0.7108842392175725,0.044444444444444446,0.044444444444444446,0.0,False,False,False,bad,0.6451086229639148,1.3467662934445872,6,0.14676629344458725,BUFFERED
1.3.2,redundancy-compensated-pressure-routing,adaptive-000:very_bad,behavioral,0.2,100,139,39,1.3818229694064759,1.39,6.0,0.5,12,7,True,1.0,19,119,90,29,True,0,5.345323741007194,0.6925446655662483,0.06474820143884892,0.007194244604316547,0.0,False,False,False,very_bad,0.8788197960431734,1.3818229694064759,7,0.18182296940647602,STREAMING
1.3.2,redundancy-compensated-pressure-routing,adaptive-001:good,random,0.2,100,126,26,1.256201567575237,1.26,6.0,0.5,12,5,True,1.0,11,111,86,25,False,79,5.119047619047619,0.701816063125587,0.031746031746031744,0.0,1.2777777777777777,False,False,False,good,0.04134378383491277,1.256201567575237,5,0.05620156757523692,BUFFERED
1.3.2,redundancy-compensated-pressure-routing,adaptive-001:normal,random,0.2,100,130,30,1.2962512328001732,1.3,6.0,0.5,12,6,True,1.0,7,107,81,26,False,79,4.053846153846154,0.6200621600621601,0.038461538461538464,0.0,1.2,False,False,False,normal,0.3083415520011543,1.2962512328001732,6,0.09625123280017316,BUFFERED
1.3.2,redundancy-compensated-pressure-routing,adaptive-001:bad,random,0.2,100,135,35,1.346030991098618,1.35,6.0,0.5,12,6,True,1.0,14,114,83,31,False,75,3.7185185185185183,0.6331922398589065,0.022222222222222223,0.0,1.037037037037037,False,False,False,bad,0.6402066073241195,1.346030991098618,6,0.14603099109861795,STREAMING
1.3.2,redundancy-compensated-pressure-routing,adaptive-001:very_bad,random,0.2,100,139,39,1.38102890715552,1.39,6.0,0.5,12,7,True,1.0,18,118,84,34,False,75,4.568345323741007,0.6674800419404736,0.014388489208633094,0.014388489208633094,0.8848920863309353,False,False,False,very_bad,0.8735260477034668,1.38102890715552,7,0.18102890715552006,STREAMING
1.3.2,redundancy-compensated-pressure-routing,adaptive-001:good,targeted,0.2,100,126,26,1.256201567575237,1.26,6.0,0.5,12,5,True,1.0,11,111,86,25,False,89,5.119047619047619,0.701816063125587,0.031746031746031744,0.0,1.8571428571428572,False,False,False,good,0.04134378383491277,1.256201567575237,5,0.05620156757523692,BUFFERED
1.3.2,redundancy-compensated-pressure-routing,adaptive-001:normal,targeted,0.2,100,130,30,1.2962512328001732,1.3,6.0,0.5,12,6,True,1.0,7,107,81,26,False,83,4.053846153846154,0.6200621600621601,0.038461538461538464,0.0,1.646153846153846,False,False,False,normal,0.3083415520011543,1.2962512328001732,6,0.09625123280017316,BUFFERED
1.3.2,redundancy-compensated-pressure-routing,adaptive-001:bad,targeted,0.2,100,135,35,1.346030991098618,1.35,6.0,0.5,12,6,True,1.0,14,114,83,31,False,95,3.7185185185185183,0.6331922398589065,0.022222222222222223,0.0,1.7259259259259259,False,False,False,bad,0.6402066073241195,1.346030991098618,6,0.14603099109861795,STREAMING
1.3.2,redundancy-compensated-pressure-routing,adaptive-001:very_bad,targeted,0.2,100,139,39,1.38102890715552,1.39,6.0,0.5,12,7,True,1.0,18,118,84,34,False,102,4.568345323741007,0.6674800419404736,0.014388489208633094,0.014388489208633094,1.856115107913669,False,False,False,very_bad,0.8735260477034668,1.38102890715552,7,0.18102890715552006,STREAMING
1.3.2,redundancy-compensated-pressure-routing,adaptive-001:good,behavioral,0.2,100,126,26,1.256201567575237,1.26,6.0,0.5,12,5,True,1.0,6,106,85,21,True,0,4.626984126984127,0.6566071714881239,0.15079365079365079,0.015873015873015872,0.0,False,False,False,good,0.04134378383491277,1.256201567575237,5,0.05620156757523692,BUFFERED
1.3.2,redundancy-compensated-pressure-routing,adaptive-001:normal,behavioral,0.2,100,130,30,1.2962512328001732,1.3,6.0,0.5,12,6,True,1.0,5,105,78,27,True,0,4.3,0.6336369186369186,0.09230769230769231,0.03076923076923077,0.0,False,False,False,normal,0.3083415520011543,1.2962512328001732,6,0.09625123280017316,BUFFERED
1.3.2,redundancy-compensated-pressure-routing,adaptive-001:bad,behavioral,0.2,100,135,35,1.346030991098618,1.35,6.0,0.5,12,6,True,1.0,18,118,87,31,True,0,4.37037037037037,0.6667369461813906,0.037037037037037035,0.0,0.0,False,False,False,bad,0.6402066073241195,1.346030991098618,6,0.14603099109861795,STREAMING
1.3.2,redundancy-compensated-pressure-routing,adaptive-001:very_bad,behavioral,0.2,100,139,39,1.38102890715552,1.39,6.0,0.5,12,7,True,1.0,15,115,83,32,True,0,4.733812949640288,0.6627949588381243,0.1223021582733813,0.04316546762589928,0.0,False,False,False,very_bad,0.8735260477034668,1.38102890715552,7,0.18102890715552006,STREAMING
1.3.2,redundancy-compensated-pressure-routing,adaptive-002:good,random,0.2,100,127,27,1.2633898832643264,1.27,6.0,0.5,12,5,True,1.0,10,110,86,24,False,77,5.251968503937008,0.6920632080080898,0.06299212598425197,0.007874015748031496,1.1496062992125984,False,False,False,good,0.08926588842884309,1.2633898832643264,5,0.06338988326432647,BUFFERED
1.3.2,redundancy-compensated-pressure-routing,adaptive-002:normal,random,0.2,100,132,32,1.3107692584435966,1.32,6.0,0.5,12,6,True,1.0,14,114,86,28,False,75,4.583333333333333,0.6697171935808299,0.030303030303030304,0.0,1.0909090909090908,False,False,False,normal,0.40512838962397735,1.3107692584435966,6,0.11076925844359661,BUFFERED
1.3.2,redundancy-compensated-pressure-routing,adaptive-002:bad,random,0.2,100,136,36,1.3512882965683968,1.36,6.0,0.5,12,6,True,1.0,22,122,91,31,False,87,5.213235294117647,0.7174088574823869,0.051470588235294115,0.0,1.2352941176470589,False,False,False,bad,0.6752553104559786,1.3512882965683968,6,0.15128829656839682,STREAMING
1.3.2,redundancy-compensated-pressure-routing,adaptive-002:very_bad,random,0.2,100,140,40,1.3911921825026319,1.4,6.0,0.5,12,7,True,1.0,20,120,87,33,False,77,4.264285714285714,0.6478728612657184,0.05,0.0,0.9357142857142857,False,False,False,very_bad,0.9412812166842123,1.3911921825026319,7,0.19119218250263187,STREAMING
1.3.2,redundancy-compensated-pressure-routing,adaptive-002:good,targeted,0.2,100,127,27,1.2633898832643264,1.27,6.0,0.5,12,5,True,1.0,10,110,86,24,False,99,5.251968503937008,0.6920632080080898,0.06299212598425197,0.007874015748031496,2.15748031496063,False,False,False,good,0.08926588842884309,1.2633898832643264,5,0.06338988326432647,BUFFERED
1.3.2,redundancy-compensated-pressure-routing,adaptive-002:normal,targeted,0.2,100,132,32,1.3107692584435966,1.32,6.0,0.5,12,6,True,1.0,14,114,86,28,False,91,4.583333333333333,0.6697171935808299,0.030303030303030304,0.0,1.7045454545454546,False,False,False,normal,0.40512838962397735,1.3107692584435966,6,0.11076925844359661,BUFFERED
1.3.2,redundancy-compensated-pressure-routing,adaptive-002:bad,targeted,0.2,100,136,36,1.3512882965683968,1.36,6.0,0.5,12,6,True,1.0,22,122,91,31,False,101,5.213235294117647,0.7174088574823869,0.051470588235294115,0.0,2.1029411764705883,False,False,False,bad,0.6752553104559786,1.3512882965683968,6,0.15128829656839682,STREAMING
1.3.2,redundancy-compensated-pressure-routing,adaptive-002:very_bad,targeted,0.2,100,140,40,1.3911921825026319,1.4,6.0,0.5,12,7,True,1.0,20,120,87,33,False,94,4.264285714285714,0.6478728612657184,0.05,0.0,1.7857142857142858,False,False,False,very_bad,0.9412812166842123,1.3911921825026319,7,0.19119218250263187,STREAMING
1.3.2,redundancy-compensated-pressure-routing,adaptive-002:good,behavioral,0.2,100,127,27,1.2633898832643264,1.27,6.0,0.5,12,5,True,1.0,15,115,89,26,True,0,5.488188976377953,0.7374566815511697,0.06299212598425197,0.007874015748031496,0.0,False,False,False,good,0.08926588842884309,1.2633898832643264,5,0.06338988326432647,BUFFERED
1.3.2,redundancy-compensated-pressure-routing,adaptive-002:normal,behavioral,0.2,100,132,32,1.3107692584435966,1.32,6.0,0.5,12,6,True,1.0,23,123,92,31,True,0,5.174242424242424,0.7264654116926844,0.045454545454545456,0.0,0.0,False,False,False,normal,0.40512838962397735,1.3107692584435966,6,0.11076925844359661,BUFFERED
1.3.2,redundancy-compensated-pressure-routing,adaptive-002:bad,behavioral,0.2,100,136,36,1.3512882965683968,1.36,6.0,0.5,12,6,True,1.0,21,121,89,32,True,0,5.595588235294118,0.7171443956370427,0.09558823529411764,0.0,0.0,False,False,False,bad,0.6752553104559786,1.3512882965683968,6,0.15128829656839682,STREAMING
1.3.2,redundancy-compensated-pressure-routing,adaptive-002:very_bad,behavioral,0.2,100,140,40,1.3911921825026319,1.4,6.0,0.5,12,7,True,1.0,22,122,88,34,True,0,4.25,0.6663744588744589,0.10714285714285714,0.0,0.0,False,False,False,very_bad,0.9412812166842123,1.3911921825026319,7,0.19119218250263187,STREAMING
1.3.2,redundancy-compensated-pressure-routing,adaptive-003:good,random,0.2,100,127,27,1.2618821879790008,1.27,6.0,0.5,12,5,True,1.0,11,111,87,24,False,75,5.322834645669292,0.7117124563974958,0.023622047244094488,0.0,1.2598425196850394,False,False,False,good,0.0792145865266711,1.2618821879790008,5,0.06188218797900067,BUFFERED
1.3.2,redundancy-compensated-pressure-routing,adaptive-003:normal,random,0.2,100,131,31,1.302372290994756,1.31,6.0,0.5,12,6,True,1.0,12,112,86,26,False,84,5.412213740458015,0.6940484451934834,0.007633587786259542,0.007633587786259542,1.465648854961832,False,False,False,normal,0.3491486066317066,1.302372290994756,6,0.102372290994756,BUFFERED
1.3.2,redundancy-compensated-pressure-routing,adaptive-003:bad,random,0.2,100,135,35,1.347675864166237,1.35,6.0,0.5,12,6,True,1.0,14,114,85,29,False,88,4.9185185185185185,0.6714470097803431,0.02962962962962963,0.0,1.5185185185185186,False,False,False,bad,0.6511724277749129,1.347675864166237,6,0.14767586416623696,STREAMING
1.3.2,redundancy-compensated-pressure-routing,adaptive-003:very_bad,random,0.2,100,139,39,1.3873788014607686,1.39,6.0,0.5,12,7,True,1.0,24,124,89,35,False,94,4.928057553956834,0.7071991757243555,0.04316546762589928,0.007194244604316547,1.3453237410071943,False,False,False,very_bad,0.915858676405125,1.3873788014607686,7,0.1873788014607688,STREAMING
1.3.2,redundancy-compensated-pressure-routing,adaptive-003:good,targeted,0.2,100,127,27,1.2618821879790008,1.27,6.0,0.5,12,5,True,1.0,11,111,87,24,False,99,5.322834645669292,0.7117124563974958,0.023622047244094488,0.0,1.9763779527559056,False,False,False,good,0.0792145865266711,1.2618821879790008,5,0.06188218797900067,BUFFERED
1.3.2,redundancy-compensated-pressure-routing,adaptive-003:normal,targeted,0.2,100,131,31,1.302372290994756,1.31,6.0,0.5,12,6,True,1.0,12,112,86,26,False,94,5.412213740458015,0.6940484451934834,0.007633587786259542,0.007633587786259542,2.3893129770992365,False,False,False,normal,0.3491486066317066,1.302372290994756,6,0.102372290994756,BUFFERED
1.3.2,redundancy-compensated-pressure-routing,adaptive-003:bad,targeted,0.2,100,135,35,1.347675864166237,1.35,6.0,0.5,12,6,True,1.0,14,114,85,29,False,97,4.9185185185185185,0.6714470097803431,0.02962962962962963,0.0,2.0,False,False,False,bad,0.6511724277749129,1.347675864166237,6,0.14767586416623696,STREAMING
1.3.2,redundancy-compensated-pressure-routing,adaptive-003:very_bad,targeted,0.2,100,139,39,1.3873788014607686,1.39,6.0,0.5,12,7,True,1.0,24,124,89,35,False,106,4.928057553956834,0.7071991757243555,0.04316546762589928,0.007194244604316547,2.179856115107914,False,False,False,very_bad,0.915858676405125,1.3873788014607686,7,0.1873788014607688,STREAMING
1.3.2,redundancy-compensated-pressure-routing,adaptive-003:good,behavioral,0.2,100,127,27,1.2618821879790008,1.27,6.0,0.5,12,5,True,1.0,8,108,85,23,True,0,4.74015748031496,0.6850919203281408,0.07086614173228346,0.015748031496062992,0.0,False,False,False,good,0.0792145865266711,1.2618821879790008,5,0.06188218797900067,BUFFERED
1.3.2,redundancy-compensated-pressure-routing,adaptive-003:normal,behavioral,0.2,100,131,31,1.302372290994756,1.31,6.0,0.5,12,6,True,1.0,14,114,87,27,True,0,5.488549618320611,0.7089914962052367,0.04580152671755725,0.007633587786259542,0.0,False,False,False,normal,0.3491486066317066,1.302372290994756,6,0.102372290994756,BUFFERED
1.3.2,redundancy-compensated-pressure-routing,adaptive-003:bad,behavioral,0.2,100,135,35,1.347675864166237,1.35,6.0,0.5,12,6,True,1.0,16,116,86,30,True,0,5.4222222222222225,0.69282961894073,0.05185185185185185,0.0,0.0,False,False,False,bad,0.6511724277749129,1.347675864166237,6,0.14767586416623696,STREAMING
1.3.2,redundancy-compensated-pressure-routing,adaptive-003:very_bad,behavioral,0.2,100,139,39,1.3873788014607686,1.39,6.0,0.5,12,7,True,1.0,22,122,89,33,True,0,4.633093525179856,0.6861757347368859,0.05755395683453238,0.014388489208633094,0.0,False,False,False,very_bad,0.915858676405125,1.3873788014607686,7,0.1873788014607688,STREAMING
1.3.2,redundancy-compensated-pressure-routing,adaptive-004:good,random,0.2,100,127,27,1.265516560172986,1.27,6.0,0.5,12,5,True,1.0,8,108,85,23,False,77,5.05511811023622,0.6818667552919522,0.031496062992125984,0.0,1.2992125984251968,False,False,False,good,0.10344373448657425,1.265516560172986,5,0.06551656017298614,BUFFERED
1.3.2,redundancy-compensated-pressure-routing,adaptive-004:normal,random,0.2,100,131,31,1.3071684016956409,1.31,6.0,0.5,12,6,True,1.0,18,118,90,28,False,91,5.343511450381679,0.722445281605587,0.03816793893129771,0.0,1.3587786259541985,False,False,False,normal,0.381122677970939,1.3071684016956409,6,0.10716840169564086,BUFFERED
1.3.2,redundancy-compensated-pressure-routing,adaptive-004:bad,random,0.2,100,136,36,1.350645224745489,1.36,6.0,0.5,12,6,True,1.0,18,118,88,30,False,81,4.360294117647059,0.6625541125541126,0.014705882352941176,0.0,1.0294117647058822,False,False,False,bad,0.6709681649699267,1.350645224745489,6,0.15064522474548903,STREAMING
1.3.2,redundancy-compensated-pressure-routing,adaptive-004:very_bad,random,0.2,100,138,38,1.3766675715867005,1.38,6.0,0.5,12,7,True,1.0,20,120,90,30,False,84,5.384057971014493,0.708102766798419,0.036231884057971016,0.021739130434782608,1.3405797101449275,False,False,False,very_bad,0.8444504772446702,1.3766675715867005,7,0.17666757158670054,STREAMING
1.3.2,redundancy-compensated-pressure-routing,adaptive-004:good,targeted,0.2,100,127,27,1.265516560172986,1.27,6.0,0.5,12,5,True,1.0,8,108,85,23,False,94,5.05511811023622,0.6818667552919522,0.031496062992125984,0.0,2.0708661417322833,False,False,False,good,0.10344373448657425,1.265516560172986,5,0.06551656017298614,BUFFERED
1.3.2,redundancy-compensated-pressure-routing,adaptive-004:normal,targeted,0.2,100,131,31,1.3071684016956409,1.31,6.0,0.5,12,6,True,1.0,18,118,90,28,False,102,5.343511450381679,0.722445281605587,0.03816793893129771,0.0,2.3053435114503817,False,False,False,normal,0.381122677970939,1.3071684016956409,6,0.10716840169564086,BUFFERED
1.3.2,redundancy-compensated-pressure-routing,adaptive-004:bad,targeted,0.2,100,136,36,1.350645224745489,1.36,6.0,0.5,12,6,True,1.0,18,118,88,30,False,95,4.360294117647059,0.6625541125541126,0.014705882352941176,0.0,1.8602941176470589,False,False,False,bad,0.6709681649699267,1.350645224745489,6,0.15064522474548903,STREAMING
1.3.2,redundancy-compensated-pressure-routing,adaptive-004:very_bad,targeted,0.2,100,138,38,1.3766675715867005,1.38,6.0,0.5,12,7,True,1.0,20,120,90,30,False,108,5.384057971014493,0.708102766798419,0.036231884057971016,0.021739130434782608,2.2318840579710146,False,False,False,very_bad,0.8444504772446702,1.3766675715867005,7,0.17666757158670054,STREAMING
1.3.2,redundancy-compensated-pressure-routing,adaptive-004:good,behavioral,0.2,100,127,27,1.265516560172986,1.27,6.0,0.5,12,5,True,1.0,3,103,82,21,True,0,4.267716535433071,0.6333600345411369,0.05511811023622047,0.0,0.0,False,False,False,good,0.10344373448657425,1.265516560172986,5,0.06551656017298614,BUFFERED
1.3.2,redundancy-compensated-pressure-routing,adaptive-004:normal,behavioral,0.2,100,131,31,1.3071684016956409,1.31,6.0,0.5,12,6,True,1.0,15,115,90,25,True,0,5.0534351145038165,0.7011139200070498,0.015267175572519083,0.0,0.0,False,False,False,normal,0.381122677970939,1.3071684016956409,6,0.10716840169564086,BUFFERED
1.3.2,redundancy-compensated-pressure-routing,adaptive-004:bad,behavioral,0.2,100,136,36,1.350645224745489,1.36,6.0,0.5,12,6,True,1.0,16,116,87,29,True,0,4.948529411764706,0.6901637170019523,0.007352941176470588,0.0,0.0,False,False,False,bad,0.6709681649699267,1.350645224745489,6,0.15064522474548903,STREAMING
1.3.2,redundancy-compensated-pressure-routing,adaptive-004:very_bad,behavioral,0.2,100,138,38,1.3766675715867005,1.38,6.0,0.5,12,7,True,1.0,22,122,92,30,True,0,5.840579710144928,0.7349279544931718,0.036231884057971016,0.021739130434782608,0.0,False,False,False,very_bad,0.8444504772446702,1.3766675715867005,7,0.17666757158670054,STREAMING
1.3.2,redundancy-compensated-pressure-routing,adaptive-005:good,random,0.2,100,127,27,1.2672437085921804,1.27,6.0,0.5,12,5,True,1.0,11,111,86,25,False,77,4.811023622047244,0.6768994784742817,0.0,0.0,1.110236220472441,False,False,False,good,0.11495805728120219,1.2672437085921804,5,0.06724370859218033,BUFFERED
1.3.2,redundancy-compensated-pressure-routing,adaptive-005:normal,random,0.2,100,131,31,1.3040929256382032,1.31,6.0,0.5,12,6,True,1.0,8,108,81,27,False,70,5.0534351145038165,0.6603397662557968,0.03816793893129771,0.0,1.2366412213740459,False,False,False,normal,0.36061950425468836,1.3040929256382032,6,0.10409292563820327,BUFFERED
1.3.2,redundancy-compensated-pressure-routing,adaptive-005:bad,random,0.2,100,135,35,1.3478375426687155,1.35,6.0,0.5,12,6,True,1.0,17,117,87,30,False,90,5.111111111111111,0.6928910801133024,0.02962962962962963,0.0,1.3407407407407408,False,False,False,bad,0.6522502844581031,1.3478375426687155,6,0.14783754266871546,STREAMING
1.3.2,redundancy-compensated-pressure-routing,adaptive-005:very_bad,random,0.2,100,139,39,1.3807747902592875,1.39,6.0,0.5,12,7,True,1.0,19,119,87,32,False,87,4.913669064748201,0.6850057616244667,0.02877697841726619,0.0,1.2374100719424461,False,False,False,very_bad,0.8718319350619176,1.3807747902592875,7,0.18077479025928767,STREAMING
1.3.2,redundancy-compensated-pressure-routing,adaptive-005:good,targeted,0.2,100,127,27,1.2672437085921804,1.27,6.0,0.5,12,5,True,1.0,11,111,86,25,False,90,4.811023622047244,0.6768994784742817,0.0,0.0,2.0393700787401574,False,False,False,good,0.11495805728120219,1.2672437085921804,5,0.06724370859218033,BUFFERED
1.3.2,redundancy-compensated-pressure-routing,adaptive-005:normal,targeted,0.2,100,131,31,1.3040929256382032,1.31,6.0,0.5,12,6,True,1.0,8,108,81,27,False,89,5.0534351145038165,0.6603397662557968,0.03816793893129771,0.0,1.8625954198473282,False,False,False,normal,0.36061950425468836,1.3040929256382032,6,0.10409292563820327,BUFFERED
1.3.2,redundancy-compensated-pressure-routing,adaptive-005:bad,targeted,0.2,100,135,35,1.3478375426687155,1.35,6.0,0.5,12,6,True,1.0,17,117,87,30,False,101,5.111111111111111,0.6928910801133024,0.02962962962962963,0.0,2.2074074074074073,False,False,False,bad,0.6522502844581031,1.3478375426687155,6,0.14783754266871546,STREAMING
1.3.2,redundancy-compensated-pressure-routing,adaptive-005:very_bad,targeted,0.2,100,139,39,1.3807747902592875,1.39,6.0,0.5,12,7,True,1.0,19,119,87,32,False,94,4.913669064748201,0.6850057616244667,0.02877697841726619,0.0,1.7841726618705036,False,False,False,very_bad,0.8718319350619176,1.3807747902592875,7,0.18077479025928767,STREAMING
1.3.2,redundancy-compensated-pressure-routing,adaptive-005:good,behavioral,0.2,100,127,27,1.2672437085921804,1.27,6.0,0.5,12,5,True,1.0,9,109,84,25,True,0,5.2362204724409445,0.6879404279010578,0.03937007874015748,0.0,0.0,False,False,False,good,0.11495805728120219,1.2672437085921804,5,0.06724370859218033,BUFFERED
1.3.2,redundancy-compensated-pressure-routing,adaptive-005:normal,behavioral,0.2,100,131,31,1.3040929256382032,1.31,6.0,0.5,12,6,True,1.0,9,109,82,27,True,0,5.091603053435114,0.669924159809656,0.030534351145038167,0.0,0.0,False,False,False,normal,0.36061950425468836,1.3040929256382032,6,0.10409292563820327,BUFFERED
1.3.2,redundancy-compensated-pressure-routing,adaptive-005:bad,behavioral,0.2,100,135,35,1.3478375426687155,1.35,6.0,0.5,12,6,True,1.0,14,114,84,30,True,0,4.7481481481481485,0.6696729196729196,0.05925925925925926,0.0,0.0,False,False,False,bad,0.6522502844581031,1.3478375426687155,6,0.14783754266871546,STREAMING
1.3.2,redundancy-compensated-pressure-routing,adaptive-005:very_bad,behavioral,0.2,100,139,39,1.3807747902592875,1.39,6.0,0.5,12,7,True,1.0,17,117,83,34,True,0,4.863309352517986,0.6707761063876172,0.02877697841726619,0.014388489208633094,0.0,False,False,False,very_bad,0.8718319350619176,1.3807747902592875,7,0.18077479025928767,STREAMING
1.3.2,redundancy-compensated-pressure-routing,adaptive-006:good,random,0.2,100,126,26,1.258976836909814,1.26,6.0,0.5,12,5,True,1.0,2,102,81,21,False,68,4.746031746031746,0.6474449712544951,0.015873015873015872,0.0,0.7936507936507936,False,False,False,good,0.05984557939876001,1.258976836909814,5,0.05897683690981401,BUFFERED
1.3.2,redundancy-compensated-pressure-routing,adaptive-006:normal,random,0.2,100,131,31,1.3037672191566245,1.31,6.0,0.5,12,6,True,1.0,12,112,84,28,False,81,4.816793893129771,0.6791219170990164,0.03816793893129771,0.0,1.2748091603053435,False,False,False,normal,0.3584481277108304,1.3037672191566245,6,0.10376721915662457,BUFFERED
1.3.2,redundancy-compensated-pressure-routing,adaptive-006:bad,random,0.2,100,135,35,1.3469556746201485,1.35,6.0,0.5,12,6,True,1.0,11,111,82,29,False,76,4.281481481481482,0.6335292074180963,0.022222222222222223,0.022222222222222223,1.0888888888888888,False,False,False,bad,0.6463711641343243,1.3469556746201485,6,0.14695567462014866,BUFFERED
1.3.2,redundancy-compensated-pressure-routing,adaptive-006:very_bad,random,0.2,100,138,38,1.3793419554586503,1.38,6.0,0.5,12,7,True,1.0,10,110,82,28,False,79,4.188405797101449,0.6024659117050422,0.021739130434782608,0.007246376811594203,1.0797101449275361,False,False,False,very_bad,0.862279703057669,1.3793419554586503,7,0.1793419554586504,STREAMING
1.3.2,redundancy-compensated-pressure-routing,adaptive-006:good,targeted,0.2,100,126,26,1.258976836909814,1.26,6.0,0.5,12,5,True,1.0,2,102,81,21,False,90,4.746031746031746,0.6474449712544951,0.015873015873015872,0.0,2.0555555555555554,False,False,False,good,0.05984557939876001,1.258976836909814,5,0.05897683690981401,BUFFERED
1.3.2,redundancy-compensated-pressure-routing,adaptive-006:normal,targeted,0.2,100,131,31,1.3037672191566245,1.31,6.0,0.5,12,6,True,1.0,12,112,84,28,False,92,4.816793893129771,0.6791219170990164,0.03816793893129771,0.0,1.9541984732824427,False,False,False,normal,0.3584481277108304,1.3037672191566245,6,0.10376721915662457,BUFFERED
1.3.2,redundancy-compensated-pressure-routing,adaptive-006:bad,targeted,0.2,100,135,35,1.3469556746201485,1.35,6.0,0.5,12,6,True,1.0,11,111,82,29,False,95,4.281481481481482,0.6335292074180963,0.022222222222222223,0.022222222222222223,1.9111111111111112,False,False,False,bad,0.6463711641343243,1.3469556746201485,6,0.14695567462014866,BUFFERED
1.3.2,redundancy-compensated-pressure-routing,adaptive-006:very_bad,targeted,0.2,100,138,38,1.3793419554586503,1.38,6.0,0.5,12,7,True,1.0,10,110,82,28,False,90,4.188405797101449,0.6024659117050422,0.021739130434782608,0.007246376811594203,1.7173913043478262,False,False,False,very_bad,0.862279703057669,1.3793419554586503,7,0.1793419554586504,STREAMING
1.3.2,redundancy-compensated-pressure-routing,adaptive-006:good,behavioral,0.2,100,126,26,1.258976836909814,1.26,6.0,0.5,12,5,True,1.0,4,104,83,21,True,0,4.309523809523809,0.6441481137909709,0.0,0.0,0.0,False,False,False,good,0.05984557939876001,1.258976836909814,5,0.05897683690981401,BUFFERED
1.3.2,redundancy-compensated-pressure-routing,adaptive-006:normal,behavioral,0.2,100,131,31,1.3037672191566245,1.31,6.0,0.5,12,6,True,1.0,17,117,88,29,True,0,4.9465648854961835,0.7034342883579525,0.05343511450381679,0.0,0.0,False,False,False,normal,0.3584481277108304,1.3037672191566245,6,0.10376721915662457,BUFFERED
1.3.2,redundancy-compensated-pressure-routing,adaptive-006:bad,behavioral,0.2,100,135,35,1.3469556746201485,1.35,6.0,0.5,12,6,True,1.0,6,106,78,28,True,0,4.637037037037037,0.6306049917161028,0.08888888888888889,0.05185185185185185,0.0,False,False,False,bad,0.6463711641343243,1.3469556746201485,6,0.14695567462014866,BUFFERED
1.3.2,redundancy-compensated-pressure-routing,adaptive-006:very_bad,behavioral,0.2,100,138,38,1.3793419554586503,1.38,6.0,0.5,12,7,True,1.0,14,114,86,28,True,0,5.144927536231884,0.6654408996800301,0.050724637681159424,0.007246376811594203,0.0,False,False,False,very_bad,0.862279703057669,1.3793419554586503,7,0.1793419554586504,STREAMING
1.3.2,redundancy-compensated-pressure-routing,adaptive-007:good,random,0.2,100,127,27,1.2667936018070831,1.27,6.0,0.5,12,5,True,1.0,11,111,87,24,False,73,4.724409448818897,0.6925995046073786,0.023622047244094488,0.0,0.984251968503937,False,False,False,good,0.11195734538055428,1.2667936018070831,5,0.06679360180708314,BUFFERED
1.3.2,redundancy-compensated-pressure-routing,adaptive-007:normal,random,0.2,100,130,30,1.2978300406817767,1.3,6.0,0.5,12,6,True,1.0,6,106,81,25,False,78,4.8538461538461535,0.6573673548673549,0.046153846153846156,0.007692307692307693,1.2,False,False,False,normal,0.3188669378785106,1.2978300406817767,6,0.0978300406817766,BUFFERED
1.3.2,redundancy-compensated-pressure-routing,adaptive-007:bad,random,0.2,100,135,35,1.347970415774825,1.35,6.0,0.5,12,6,True,1.0,9,109,80,29,False,79,5.007407407407407,0.6687408476297365,0.014814814814814815,0.0,1.0814814814814815,False,False,False,bad,0.6531361051654994,1.347970415774825,6,0.14797041577482492,STREAMING
1.3.2,redundancy-compensated-pressure-routing,adaptive-007:very_bad,random,0.2,100,139,39,1.3846191742805052,1.39,6.0,0.5,12,7,True,1.0,21,121,89,32,False,89,4.676258992805756,0.6859963976870451,0.03597122302158273,0.0,1.1726618705035972,False,False,False,very_bad,0.8974611618700347,1.3846191742805052,7,0.18461917428050523,STREAMING
1.3.2,redundancy-compensated-pressure-routing,adaptive-007:good,targeted,0.2,100,127,27,1.2667936018070831,1.27,6.0,0.5,12,5,True,1.0,11,111,87,24,False,98,4.724409448818897,0.6925995046073786,0.023622047244094488,0.0,1.952755905511811,False,False,False,good,0.11195734538055428,1.2667936018070831,5,0.06679360180708314,BUFFERED
1.3.2,redundancy-compensated-pressure-routing,adaptive-007:normal,targeted,0.2,100,130,30,1.2978300406817767,1.3,6.0,0.5,12,6,True,1.0,6,106,81,25,False,93,4.8538461538461535,0.6573673548673549,0.046153846153846156,0.007692307692307693,2.123076923076923,False,False,False,normal,0.3188669378785106,1.2978300406817767,6,0.0978300406817766,BUFFERED
1.3.2,redundancy-compensated-pressure-routing,adaptive-007:bad,targeted,0.2,100,135,35,1.347970415774825,1.35,6.0,0.5,12,6,True,1.0,9,109,80,29,False,92,5.007407407407407,0.6687408476297365,0.014814814814814815,0.0,1.9333333333333333,False,False,False,bad,0.6531361051654994,1.347970415774825,6,0.14797041577482492,STREAMING
1.3.2,redundancy-compensated-pressure-routing,adaptive-007:very_bad,targeted,0.2,100,139,39,1.3846191742805052,1.39,6.0,0.5,12,7,True,1.0,21,121,89,32,False,98,4.676258992805756,0.6859963976870451,0.03597122302158273,0.0,1.79136690647482,False,False,False,very_bad,0.8974611618700347,1.3846191742805052,7,0.18461917428050523,STREAMING
1.3.2,redundancy-compensated-pressure-routing,adaptive-007:good,behavioral,0.2,100,127,27,1.2667936018070831,1.27,6.0,0.5,12,5,True,1.0,12,112,90,22,True,0,4.543307086614173,0.6854004044948927,0.023622047244094488,0.0,0.0,False,False,False,good,0.11195734538055428,1.2667936018070831,5,0.06679360180708314,BUFFERED
1.3.2,redundancy-compensated-pressure-routing,adaptive-007:normal,behavioral,0.2,100,130,30,1.2978300406817767,1.3,6.0,0.5,12,6,True,1.0,6,106,81,25,True,0,4.361538461538461,0.6348373848373848,0.046153846153846156,0.007692307692307693,0.0,False,False,False,normal,0.3188669378785106,1.2978300406817767,6,0.0978300406817766,BUFFERED
1.3.2,redundancy-compensated-pressure-routing,adaptive-007:bad,behavioral,0.2,100,135,35,1.347970415774825,1.35,6.0,0.5,12,6,True,1.0,11,111,83,28,True,0,4.725925925925926,0.6646611618833841,0.014814814814814815,0.0,0.0,False,False,False,bad,0.6531361051654994,1.347970415774825,6,0.14797041577482492,STREAMING
1.3.2,redundancy-compensated-pressure-routing,adaptive-007:very_bad,behavioral,0.2,100,139,39,1.3846191742805052,1.39,6.0,0.5,12,7,True,1.0,23,123,89,34,True,0,5.0503597122302155,0.7055830660147207,0.050359712230215826,0.0,0.0,False,False,False,very_bad,0.8974611618700347,1.3846191742805052,7,0.18461917428050523,STREAMING
1.3.2,redundancy-compensated-pressure-routing,adaptive-008:good,random,0.2,100,126,26,1.2594388347791832,1.26,6.0,0.5,12,5,True,1.0,11,111,87,24,False,82,5.0396825396825395,0.7020617169426693,0.023809523809523808,0.0,1.3015873015873016,False,False,False,good,0.06292556519455406,1.2594388347791832,5,0.05943883477918312,BUFFERED
1.3.2,redundancy-compensated-pressure-routing,adaptive-008:normal,random,0.2,100,131,31,1.300865811145286,1.31,6.0,0.5,12,6,True,1.0,7,107,81,26,False,73,4.961832061068702,0.6646459138825551,0.03816793893129771,0.030534351145038167,1.1221374045801527,False,False,False,normal,0.33910540763524016,1.300865811145286,6,0.10086581114528603,BUFFERED
1.3.2,redundancy-compensated-pressure-routing,adaptive-008:bad,random,0.2,100,136,36,1.351128095467209,1.36,6.0,0.5,12,6,True,1.0,13,113,79,34,False,76,4.492647058823529,0.6468187653849419,0.014705882352941176,0.0,0.9411764705882353,False,False,False,bad,0.6741873031147261,1.351128095467209,6,0.15112809546720893,BUFFERED
1.3.2,redundancy-compensated-pressure-routing,adaptive-008:very_bad,random,0.2,100,140,40,1.3947574993199046,1.4,6.0,0.5,12,7,True,1.0,17,117,83,34,False,81,4.285714285714286,0.6354733560090703,0.007142857142857143,0.02142857142857143,1.1357142857142857,False,False,False,very_bad,0.9650499954660307,1.3947574993199046,7,0.1947574993199046,STREAMING
1.3.2,redundancy-compensated-pressure-routing,adaptive-008:good,targeted,0.2,100,126,26,1.2594388347791832,1.26,6.0,0.5,12,5,True,1.0,11,111,87,24,False,94,5.0396825396825395,0.7020617169426693,0.023809523809523808,0.0,2.142857142857143,False,False,False,good,0.06292556519455406,1.2594388347791832,5,0.05943883477918312,BUFFERED
1.3.2,redundancy-compensated-pressure-routing,adaptive-008:normal,targeted,0.2,100,131,31,1.300865811145286,1.31,6.0,0.5,12,6,True,1.0,7,107,81,26,False,90,4.961832061068702,0.6646459138825551,0.03816793893129771,0.030534351145038167,2.1374045801526718,False,False,False,normal,0.33910540763524016,1.300865811145286,6,0.10086581114528603,BUFFERED
1.3.2,redundancy-compensated-pressure-routing,adaptive-008:bad,targeted,0.2,100,136,36,1.351128095467209,1.36,6.0,0.5,12,6,True,1.0,13,113,79,34,False,96,4.492647058823529,0.6468187653849419,0.014705882352941176,0.0,1.9558823529411764,False,False,False,bad,0.6741873031147261,1.351128095467209,6,0.15112809546720893,BUFFERED
1.3.2,redundancy-compensated-pressure-routing,adaptive-008:very_bad,targeted,0.2,100,140,40,1.3947574993199046,1.4,6.0,0.5,12,7,True,1.0,17,117,83,34,False,96,4.285714285714286,0.6354733560090703,0.007142857142857143,0.02142857142857143,1.8428571428571427,False,False,False,very_bad,0.9650499954660307,1.3947574993199046,7,0.1947574993199046,STREAMING
1.3.2,redundancy-compensated-pressure-routing,adaptive-008:good,behavioral,0.2,100,126,26,1.2594388347791832,1.26,6.0,0.5,12,5,True,1.0,14,114,89,25,True,0,5.333333333333333,0.7204508234270139,0.03968253968253968,0.0,0.0,False,False,False,good,0.06292556519455406,1.2594388347791832,5,0.05943883477918312,BUFFERED
1.3.2,redundancy-compensated-pressure-routing,adaptive-008:normal,behavioral,0.2,100,131,31,1.300865811145286,1.31,6.0,0.5,12,6,True,1.0,7,107,82,25,True,0,5.068702290076335,0.6623910864368879,0.08396946564885496,0.030534351145038167,0.0,False,False,False,normal,0.33910540763524016,1.300865811145286,6,0.10086581114528603,BUFFERED
1.3.2,redundancy-compensated-pressure-routing,adaptive-008:bad,behavioral,0.2,100,136,36,1.351128095467209,1.36,6.0,0.5,12,6,True,1.0,21,121,85,36,True,0,4.852941176470588,0.692902767167473,0.051470588235294115,0.0,0.0,False,False,False,bad,0.6741873031147261,1.351128095467209,6,0.15112809546720893,BUFFERED
1.3.2,redundancy-compensated-pressure-routing,adaptive-008:very_bad,behavioral,0.2,100,140,40,1.3947574993199046,1.4,6.0,0.5,12,7,True,1.0,12,112,78,34,True,0,4.357142857142857,0.6134420737992167,0.03571428571428571,0.05714285714285714,0.0,False,False,False,very_bad,0.9650499954660307,1.3947574993199046,7,0.1947574993199046,STREAMING
1.3.2,redundancy-compensated-pressure-routing,adaptive-009:good,random,0.2,100,128,28,1.2715584162098665,1.28,6.0,0.5,12,5,True,1.0,9,109,85,24,False,81,5.5546875,0.7089762017496393,0.0234375,0.0234375,1.265625,False,False,False,good,0.14372277473244413,1.2715584162098665,5,0.07155841620986662,BUFFERED
1.3.2,redundancy-compensated-pressure-routing,adaptive-009:normal,random,0.2,100,131,31,1.3016088338343506,1.31,6.0,0.5,12,6,True,1.0,14,114,87,27,False,91,5.175572519083969,0.7083537115979864,0.022900763358778626,0.0,1.4274809160305344,False,False,False,normal,0.34405889222900354,1.3016088338343506,6,0.10160883383435054,BUFFERED
1.3.2,redundancy-compensated-pressure-routing,adaptive-009:bad,random,0.2,100,135,35,1.3498909878776095,1.35,6.0,0.5,12,6,True,1.0,14,114,84,30,False,78,5.214814814814815,0.6748158837047726,0.044444444444444446,0.0,1.2444444444444445,False,False,False,bad,0.6659399191840645,1.3498909878776095,6,0.14989098787760968,BUFFERED
1.3.2,redundancy-compensated-pressure-routing,adaptive-009:very_bad,random,0.2,100,139,39,1.3815409811977741,1.39,6.0,0.5,12,7,True,1.0,16,116,82,34,False,84,4.956834532374101,0.6711134988113405,0.0,0.02158273381294964,1.0719424460431655,False,False,False,very_bad,0.8769398746518279,1.3815409811977741,7,0.18154098119777423,STREAMING
1.3.2,redundancy-compensated-pressure-routing,adaptive-009:good,targeted,0.2,100,128,28,1.2715584162098665,1.28,6.0,0.5,12,5,True,1.0,9,109,85,24,False,96,5.5546875,0.7089762017496393,0.0234375,0.0234375,2.3359375,False,False,False,good,0.14372277473244413,1.2715584162098665,5,0.07155841620986662,BUFFERED
1.3.2,redundancy-compensated-pressure-routing,adaptive-009:normal,targeted,0.2,100,131,31,1.3016088338343506,1.31,6.0,0.5,12,6,True,1.0,14,114,87,27,False,99,5.175572519083969,0.7083537115979864,0.022900763358778626,0.0,2.1374045801526718,False,False,False,normal,0.34405889222900354,1.3016088338343506,6,0.10160883383435054,BUFFERED
1.3.2,redundancy-compensated-pressure-routing,adaptive-009:bad,targeted,0.2,100,135,35,1.3498909878776095,1.35,6.0,0.5,12,6,True,1.0,14,114,84,30,False,91,5.214814814814815,0.6748158837047726,0.044444444444444446,0.0,2.1333333333333333,False,False,False,bad,0.6659399191840645,1.3498909878776095,6,0.14989098787760968,BUFFERED
1.3.2,redundancy-compensated-pressure-routing,adaptive-009:very_bad,targeted,0.2,100,139,39,1.3815409811977741,1.39,6.0,0.5,12,7,True,1.0,16,116,82,34,False,103,4.956834532374101,0.6711134988113405,0.0,0.02158273381294964,1.9136690647482015,False,False,False,very_bad,0.8769398746518279,1.3815409811977741,7,0.18154098119777423,STREAMING
1.3.2,redundancy-compensated-pressure-routing,adaptive-009:good,behavioral,0.2,100,128,28,1.2715584162098665,1.28,6.0,0.5,12,5,True,1.0,11,111,86,25,True,0,5.1484375,0.698051948051948,0.0234375,0.0234375,0.0,False,False,False,good,0.14372277473244413,1.2715584162098665,5,0.07155841620986662,BUFFERED
1.3.2,redundancy-compensated-pressure-routing,adaptive-009:normal,behavioral,0.2,100,131,31,1.3016088338343506,1.31,6.0,0.5,12,6,True,1.0,10,110,85,25,True,0,4.862595419847328,0.6667743410109822,0.04580152671755725,0.015267175572519083,0.0,False,False,False,normal,0.34405889222900354,1.3016088338343506,6,0.10160883383435054,BUFFERED
1.3.2,redundancy-compensated-pressure-routing,adaptive-009:bad,behavioral,0.2,100,135,35,1.3498909878776095,1.35,6.0,0.5,12,6,True,1.0,16,116,85,31,True,0,4.792592592592593,0.6722596333707445,0.0962962962962963,0.0,0.0,False,False,False,bad,0.6659399191840645,1.3498909878776095,6,0.14989098787760968,BUFFERED
1.3.2,redundancy-compensated-pressure-routing,adaptive-009:very_bad,behavioral,0.2,100,139,39,1.3815409811977741,1.39,6.0,0.5,12,7,True,1.0,16,116,84,32,True,0,4.762589928057554,0.6625299760191846,0.03597122302158273,0.02158273381294964,0.0,False,False,False,very_bad,0.8769398746518279,1.3815409811977741,7,0.18154098119777423,STREAMING
1.3.2,redundancy-compensated-pressure-routing,adaptive-010:good,random,0.2,100,127,27,1.264999415069568,1.27,6.0,0.5,12,5,True,1.0,3,103,82,21,False,72,5.133858267716535,0.6644442172001227,0.06299212598425197,0.007874015748031496,1.094488188976378,False,False,False,good,0.09999610046378712,1.264999415069568,5,0.06499941506956808,BUFFERED
1.3.2,redundancy-compensated-pressure-routing,adaptive-010:normal,random,0.2,100,132,32,1.3102209212615437,1.32,6.0,0.5,12,6,True,1.0,9,109,82,27,False,77,4.621212121212121,0.6571111548384275,0.022727272727272728,0.0,1.2424242424242424,False,False,False,normal,0.40147280841029087,1.3102209212615437,6,0.11022092126154365,BUFFERED
1.3.2,redundancy-compensated-pressure-routing,adaptive-010:bad,random,0.2,100,136,36,1.3534607940307843,1.36,6.0,0.5,12,6,True,1.0,17,117,84,33,False,79,4.830882352941177,0.6759761480349715,0.04411764705882353,0.014705882352941176,1.0441176470588236,False,False,False,bad,0.6897386268718957,1.3534607940307843,6,0.1534607940307844,STREAMING
1.3.2,redundancy-compensated-pressure-routing,adaptive-010:very_bad,random,0.2,100,139,39,1.3847846277773692,1.39,6.0,0.5,12,7,True,1.0,15,115,84,31,False,86,5.510791366906475,0.6813115741173295,0.04316546762589928,0.0,1.6474820143884892,False,False,False,very_bad,0.8985641851824624,1.3847846277773692,7,0.18478462777736937,STREAMING
1.3.2,redundancy-compensated-pressure-routing,adaptive-010:good,targeted,0.2,100,127,27,1.264999415069568,1.27,6.0,0.5,12,5,True,1.0,3,103,82,21,False,93,5.133858267716535,0.6644442172001227,0.06299212598425197,0.007874015748031496,2.2755905511811023,False,False,False,good,0.09999610046378712,1.264999415069568,5,0.06499941506956808,BUFFERED
1.3.2,redundancy-compensated-pressure-routing,adaptive-010:normal,targeted,0.2,100,132,32,1.3102209212615437,1.32,6.0,0.5,12,6,True,1.0,9,109,82,27,False,102,4.621212121212121,0.6571111548384275,0.022727272727272728,0.0,2.015151515151515,False,False,False,normal,0.40147280841029087,1.3102209212615437,6,0.11022092126154365,BUFFERED
1.3.2,redundancy-compensated-pressure-routing,adaptive-010:bad,targeted,0.2,100,136,36,1.3534607940307843,1.36,6.0,0.5,12,6,True,1.0,17,117,84,33,False,102,4.830882352941177,0.6759761480349715,0.04411764705882353,0.014705882352941176,2.1470588235294117,False,False,False,bad,0.6897386268718957,1.3534607940307843,6,0.1534607940307844,STREAMING
1.3.2,redundancy-compensated-pressure-routing,adaptive-010:very_bad,targeted,0.2,100,139,39,1.3847846277773692,1.39,6.0,0.5,12,7,True,1.0,15,115,84,31,False,100,5.510791366906475,0.6813115741173295,0.04316546762589928,0.0,2.316546762589928,False,False,False,very_bad,0.8985641851824624,1.3847846277773692,7,0.18478462777736937,STREAMING
1.3.2,redundancy-compensated-pressure-routing,adaptive-010:good,behavioral,0.2,100,127,27,1.264999415069568,1.27,6.0,0.5,12,5,True,1.0,2,102,82,20,True,0,4.31496062992126,0.637160411766711,0.03937007874015748,0.007874015748031496,0.0,False,False,False,good,0.09999610046378712,1.264999415069568,5,0.06499941506956808,BUFFERED
1.3.2,redundancy-compensated-pressure-routing,adaptive-010:normal,behavioral,0.2,100,132,32,1.3102209212615437,1.32,6.0,0.5,12,6,True,1.0,9,109,85,24,True,0,4.583333333333333,0.6570067558703923,0.06818181818181818,0.0,0.0,False,False,False,normal,0.40147280841029087,1.3102209212615437,6,0.11022092126154365,BUFFERED
1.3.2,redundancy-compensated-pressure-routing,adaptive-010:bad,behavioral,0.2,100,136,36,1.3534607940307843,1.36,6.0,0.5,12,6,True,1.0,19,119,85,34,True,0,5.029411764705882,0.6892350500806383,0.03676470588235294,0.014705882352941176,0.0,False,False,False,bad,0.6897386268718957,1.3534607940307843,6,0.1534607940307844,STREAMING
1.3.2,redundancy-compensated-pressure-routing,adaptive-010:very_bad,behavioral,0.2,100,139,39,1.3847846277773692,1.39,6.0,0.5,12,7,True,1.0,12,112,82,30,True,0,4.820143884892087,0.6427216668223863,0.05755395683453238,0.02158273381294964,0.0,False,False,False,very_bad,0.8985641851824624,1.3847846277773692,7,0.18478462777736937,STREAMING
1.3.2,redundancy-compensated-pressure-routing,adaptive-011:good,random,0.2,100,128,28,1.271751126683393,1.28,6.0,0.5,12,5,True,1.0,6,106,81,25,False,73,4.96875,0.6724099251443001,0.0234375,0.015625,1.0078125,False,False,False,good,0.14500751122262037,1.271751126683393,5,0.07175112668339306,BUFFERED
1.3.2,redundancy-compensated-pressure-routing,adaptive-011:normal,random,0.2,100,131,31,1.3034774031814833,1.31,6.0,0.5,12,6,True,1.0,16,116,89,27,False,72,5.068702290076335,0.6991713756980933,0.015267175572519083,0.030534351145038167,1.1450381679389312,False,False,False,normal,0.35651602120988907,1.3034774031814833,6,0.10347740318148338,BUFFERED
1.3.2,redundancy-compensated-pressure-routing,adaptive-011:bad,random,0.2,100,135,35,1.3444249955715262,1.35,6.0,0.5,12,6,True,1.0,15,115,86,29,False,78,4.496296296296296,0.6682585110362889,0.02962962962962963,0.0,1.1037037037037036,False,False,False,bad,0.6294999704768415,1.3444249955715262,6,0.14442499557152624,BUFFERED
1.3.2,redundancy-compensated-pressure-routing,adaptive-011:very_bad,random,0.2,100,139,39,1.3845637054142341,1.39,6.0,0.5,12,7,True,1.0,23,123,91,32,False,88,5.474820143884892,0.7148730366356265,0.02877697841726619,0.0,1.2805755395683454,False,False,False,very_bad,0.8970913694282275,1.3845637054142341,7,0.18456370541423417,STREAMING
1.3.2,redundancy-compensated-pressure-routing,adaptive-011:good,targeted,0.2,100,128,28,1.271751126683393,1.28,6.0,0.5,12,5,True,1.0,6,106,81,25,False,96,4.96875,0.6724099251443001,0.0234375,0.015625,2.359375,False,False,False,good,0.14500751122262037,1.271751126683393,5,0.07175112668339306,BUFFERED
1.3.2,redundancy-compensated-pressure-routing,adaptive-011:normal,targeted,0.2,100,131,31,1.3034774031814833,1.31,6.0,0.5,12,6,True,1.0,16,116,89,27,False,101,5.068702290076335,0.6991713756980933,0.015267175572519083,0.030534351145038167,2.030534351145038,False,False,False,normal,0.35651602120988907,1.3034774031814833,6,0.10347740318148338,BUFFERED
1.3.2,redundancy-compensated-pressure-routing,adaptive-011:bad,targeted,0.2,100,135,35,1.3444249955715262,1.35,6.0,0.5,12,6,True,1.0,15,115,86,29,False,101,4.496296296296296,0.6682585110362889,0.02962962962962963,0.0,1.8518518518518519,False,False,False,bad,0.6294999704768415,1.3444249955715262,6,0.14442499557152624,BUFFERED
1.3.2,redundancy-compensated-pressure-routing,adaptive-011:very_bad,targeted,0.2,100,139,39,1.3845637054142341,1.39,6.0,0.5,12,7,True,1.0,23,123,91,32,False,110,5.474820143884892,0.7148730366356265,0.02877697841726619,0.0,2.381294964028777,False,False,False,very_bad,0.8970913694282275,1.3845637054142341,7,0.18456370541423417,STREAMING
1.3.2,redundancy-compensated-pressure-routing,adaptive-011:good,behavioral,0.2,100,128,28,1.271751126683393,1.28,6.0,0.5,12,5,True,1.0,13,113,86,27,True,0,5.2421875,0.7134413329725829,0.0625,0.015625,0.0,False,False,False,good,0.14500751122262037,1.271751126683393,5,0.07175112668339306,BUFFERED
1.3.2,redundancy-compensated-pressure-routing,adaptive-011:normal,behavioral,0.2,100,131,31,1.3034774031814833,1.31,6.0,0.5,12,6,True,1.0,13,113,87,26,True,0,4.961832061068702,0.6818600398753071,0.022900763358778626,0.030534351145038167,0.0,False,False,False,normal,0.35651602120988907,1.3034774031814833,6,0.10347740318148338,BUFFERED
1.3.2,redundancy-compensated-pressure-routing,adaptive-011:bad,behavioral,0.2,100,135,35,1.3444249955715262,1.35,6.0,0.5,12,6,True,1.0,16,116,86,30,True,0,5.362962962962963,0.7006699267810379,0.06666666666666667,0.0,0.0,False,False,False,bad,0.6294999704768415,1.3444249955715262,6,0.14442499557152624,BUFFERED
1.3.2,redundancy-compensated-pressure-routing,adaptive-011:very_bad,behavioral,0.2,100,139,39,1.3845637054142341,1.39,6.0,0.5,12,7,True,1.0,25,125,88,37,True,0,5.16546762589928,0.7139763513864233,0.06474820143884892,0.0,0.0,False,False,False,very_bad,0.8970913694282275,1.3845637054142341,7,0.18456370541423417,STREAMING
1.3.2,redundancy-compensated-pressure-routing,adaptive-012:good,random,0.2,100,127,27,1.26174274971269,1.27,6.0,0.5,12,5,True,1.0,12,112,88,24,False,82,4.748031496062992,0.6961337219211234,0.023622047244094488,0.0,1.125984251968504,False,False,False,good,0.07828499808460124,1.26174274971269,5,0.06174274971269019,BUFFERED
1.3.2,redundancy-compensated-pressure-routing,adaptive-012:normal,random,0.2,100,132,32,1.3106303388887273,1.32,6.0,0.5,12,6,True,1.0,12,112,83,29,False,84,5.318181818181818,0.6896508373781101,0.030303030303030304,0.007575757575757576,1.3409090909090908,False,False,False,normal,0.4042022592581813,1.3106303388887273,6,0.11063033888872721,BUFFERED
1.3.2,redundancy-compensated-pressure-routing,adaptive-012:bad,random,0.2,100,135,35,1.3485957703089506,1.35,6.0,0.5,12,6,True,1.0,19,119,90,29,False,92,4.874074074074074,0.6980300358078135,0.014814814814814815,0.0,1.3185185185185184,False,False,False,bad,0.6573051353930043,1.3485957703089506,6,0.14859577030895066,STREAMING
1.3.2,redundancy-compensated-pressure-routing,adaptive-012:very_bad,random,0.2,100,139,39,1.3837244245130567,1.39,6.0,0.5,12,7,True,1.0,14,114,82,32,False,80,4.460431654676259,0.637820652568854,0.02877697841726619,0.0,1.2374100719424461,False,False,False,very_bad,0.8914961634203783,1.3837244245130567,7,0.18372442451305676,STREAMING
1.3.2,redundancy-compensated-pressure-routing,adaptive-012:good,targeted,0.2,100,127,27,1.26174274971269,1.27,6.0,0.5,12,5,True,1.0,12,112,88,24,False,94,4.748031496062992,0.6961337219211234,0.023622047244094488,0.0,2.0078740157480315,False,False,False,good,0.07828499808460124,1.26174274971269,5,0.06174274971269019,BUFFERED
1.3.2,redundancy-compensated-pressure-routing,adaptive-012:normal,targeted,0.2,100,132,32,1.3106303388887273,1.32,6.0,0.5,12,6,True,1.0,12,112,83,29,False,92,5.318181818181818,0.6896508373781101,0.030303030303030304,0.007575757575757576,2.106060606060606,False,False,False,normal,0.4042022592581813,1.3106303388887273,6,0.11063033888872721,BUFFERED
1.3.2,redundancy-compensated-pressure-routing,adaptive-012:bad,targeted,0.2,100,135,35,1.3485957703089506,1.35,6.0,0.5,12,6,True,1.0,19,119,90,29,False,101,4.874074074074074,0.6980300358078135,0.014814814814814815,0.0,2.022222222222222,False,False,False,bad,0.6573051353930043,1.3485957703089506,6,0.14859577030895066,STREAMING
1.3.2,redundancy-compensated-pressure-routing,adaptive-012:very_bad,targeted,0.2,100,139,39,1.3837244245130567,1.39,6.0,0.5,12,7,True,1.0,14,114,82,32,False,93,4.460431654676259,0.637820652568854,0.02877697841726619,0.0,1.8633093525179856,False,False,False,very_bad,0.8914961634203783,1.3837244245130567,7,0.18372442451305676,STREAMING
1.3.2,redundancy-compensated-pressure-routing,adaptive-012:good,behavioral,0.2,100,127,27,1.26174274971269,1.27,6.0,0.5,12,5,True,1.0,11,111,85,26,True,0,3.952755905511811,0.6549959664132893,0.07086614173228346,0.015748031496062992,0.0,False,False,False,good,0.07828499808460124,1.26174274971269,5,0.06174274971269019,BUFFERED
1.3.2,redundancy-compensated-pressure-routing,adaptive-012:normal,behavioral,0.2,100,132,32,1.3106303388887273,1.32,6.0,0.5,12,6,True,1.0,11,111,84,27,True,0,4.833333333333333,0.6687226704272159,0.06818181818181818,0.007575757575757576,0.0,False,False,False,normal,0.4042022592581813,1.3106303388887273,6,0.11063033888872721,BUFFERED
1.3.2,redundancy-compensated-pressure-routing,adaptive-012:bad,behavioral,0.2,100,135,35,1.3485957703089506,1.35,6.0,0.5,12,6,True,1.0,18,118,88,30,True,0,5.377777777777778,0.7076449682005238,0.044444444444444446,0.0,0.0,False,False,False,bad,0.6573051353930043,1.3485957703089506,6,0.14859577030895066,STREAMING
1.3.2,redundancy-compensated-pressure-routing,adaptive-012:very_bad,behavioral,0.2,100,139,39,1.3837244245130567,1.39,6.0,0.5,12,7,True,1.0,13,113,81,32,True,0,4.532374100719425,0.6414855128883906,0.10071942446043165,0.03597122302158273,0.0,False,False,False,very_bad,0.8914961634203783,1.3837244245130567,7,0.18372442451305676,STREAMING
1.3.2,redundancy-compensated-pressure-routing,adaptive-013:good,random,0.2,100,127,27,1.265376935197041,1.27,6.0,0.5,12,5,True,1.0,8,108,82,26,False,76,4.559055118110236,0.6702247446341935,0.047244094488188976,0.03937007874015748,1.1338582677165354,False,False,False,good,0.10251290131360594,1.265376935197041,5,0.0653769351970409,BUFFERED
1.3.2,redundancy-compensated-pressure-routing,adaptive-013:normal,random,0.2,100,131,31,1.3018402562232199,1.31,6.0,0.5,12,6,True,1.0,12,112,87,25,False,86,5.206106870229007,0.6894206514435522,0.030534351145038167,0.007633587786259542,1.2900763358778626,False,False,False,normal,0.3456017081547998,1.3018402562232199,6,0.10184025622321999,BUFFERED
1.3.2,redundancy-compensated-pressure-routing,adaptive-013:bad,random,0.2,100,135,35,1.3448509792811123,1.35,6.0,0.5,12,6,True,1.0,15,115,84,31,False,70,4.54074074074074,0.6604906204906205,0.02962962962962963,0.0,0.9925925925925926,False,False,False,bad,0.6323398618740821,1.3448509792811123,6,0.14485097928111235,STREAMING
1.3.2,redundancy-compensated-pressure-routing,adaptive-013:very_bad,random,0.2,100,139,39,1.3826996113640138,1.39,6.0,0.5,12,7,True,1.0,16,116,84,32,False,75,4.705035971223022,0.6585150061768766,0.03597122302158273,0.0,0.9712230215827338,False,False,False,very_bad,0.8846640757600926,1.3826996113640138,7,0.18269961136401391,STREAMING
1.3.2,redundancy-compensated-pressure-routing,adaptive-013:good,targeted,0.2,100,127,27,1.265376935197041,1.27,6.0,0.5,12,5,True,1.0,8,108,82,26,False,92,4.559055118110236,0.6702247446341935,0.047244094488188976,0.03937007874015748,1.9448818897637796,False,False,False,good,0.10251290131360594,1.265376935197041,5,0.0653769351970409,BUFFERED
1.3.2,redundancy-compensated-pressure-routing,adaptive-013:normal,targeted,0.2,100,131,31,1.3018402562232199,1.31,6.0,0.5,12,6,True,1.0,12,112,87,25,False,102,5.206106870229007,0.6894206514435522,0.030534351145038167,0.007633587786259542,2.2061068702290076,False,False,False,normal,0.3456017081547998,1.3018402562232199,6,0.10184025622321999,BUFFERED
1.3.2,redundancy-compensated-pressure-routing,adaptive-013:bad,targeted,0.2,100,135,35,1.3448509792811123,1.35,6.0,0.5,12,6,True,1.0,15,115,84,31,False,101,4.54074074074074,0.6604906204906205,0.02962962962962963,0.0,1.8222222222222222,False,False,False,bad,0.6323398618740821,1.3448509792811123,6,0.14485097928111235,STREAMING
1.3.2,redundancy-compensated-pressure-routing,adaptive-013:very_bad,targeted,0.2,100,139,39,1.3826996113640138,1.39,6.0,0.5,12,7,True,1.0,16,116,84,32,False,94,4.705035971223022,0.6585150061768766,0.03597122302158273,0.0,1.9712230215827338,False,False,False,very_bad,0.8846640757600926,1.3826996113640138,7,0.18269961136401391,STREAMING
1.3.2,redundancy-compensated-pressure-routing,adaptive-013:good,behavioral,0.2,100,127,27,1.265376935197041,1.27,6.0,0.5,12,5,True,1.0,1,101,78,23,True,0,4.7795275590551185,0.6437189669473135,0.07874015748031496,0.03937007874015748,0.0,False,False,False,good,0.10251290131360594,1.265376935197041,5,0.0653769351970409,BUFFERED
1.3.2,redundancy-compensated-pressure-routing,adaptive-013:normal,behavioral,0.2,100,131,31,1.3018402562232199,1.31,6.0,0.5,12,6,True,1.0,14,114,90,24,True,0,4.984732824427481,0.7028226650364054,0.04580152671755725,0.007633587786259542,0.0,False,False,False,normal,0.3456017081547998,1.3018402562232199,6,0.10184025622321999,BUFFERED
1.3.2,redundancy-compensated-pressure-routing,adaptive-013:bad,behavioral,0.2,100,135,35,1.3448509792811123,1.35,6.0,0.5,12,6,True,1.0,18,118,88,30,True,0,4.807407407407408,0.6807722729944952,0.06666666666666667,0.0,0.0,False,False,False,bad,0.6323398618740821,1.3448509792811123,6,0.14485097928111235,STREAMING
1.3.2,redundancy-compensated-pressure-routing,adaptive-013:very_bad,behavioral,0.2,100,139,39,1.3826996113640138,1.39,6.0,0.5,12,7,True,1.0,21,121,86,35,True,0,4.640287769784172,0.6790754409459445,0.007194244604316547,0.0,0.0,False,False,False,very_bad,0.8846640757600926,1.3826996113640138,7,0.18269961136401391,STREAMING
1.3.2,redundancy-compensated-pressure-routing,adaptive-014:good,random,0.2,100,127,27,1.2662865091822892,1.27,6.0,0.5,12,5,True,1.0,11,111,86,25,False,88,5.133858267716535,0.713229028189658,0.047244094488188976,0.007874015748031496,1.3228346456692914,False,False,False,good,0.1085767278819291,1.2662865091822892,5,0.06628650918228937,BUFFERED
1.3.2,redundancy-compensated-pressure-routing,adaptive-014:normal,random,0.2,100,132,32,1.310012603317268,1.32,6.0,0.5,12,6,True,1.0,11,111,85,26,False,79,4.878787878787879,0.6649457234684507,0.022727272727272728,0.0,1.2196969696969697,False,False,False,normal,0.4000840221151206,1.310012603317268,6,0.1100126033172681,BUFFERED
1.3.2,redundancy-compensated-pressure-routing,adaptive-014:bad,random,0.2,100,135,35,1.3429982646735439,1.35,6.0,0.5,12,6,True,1.0,12,112,85,27,False,81,4.659259259259259,0.6550932606488162,0.014814814814814815,0.0,1.2444444444444445,False,False,False,bad,0.6199884311569595,1.3429982646735439,6,0.14299826467354393,STREAMING
1.3.2,redundancy-compensated-pressure-routing,adaptive-014:very_bad,random,0.2,100,139,39,1.3814728294029885,1.39,6.0,0.5,12,7,True,1.0,15,115,82,33,False,80,4.302158273381295,0.6472640069762372,0.02158273381294964,0.0,0.920863309352518,False,False,False,very_bad,0.8764855293532567,1.3814728294029885,7,0.18147282940298853,STREAMING
1.3.2,redundancy-compensated-pressure-routing,adaptive-014:good,targeted,0.2,100,127,27,1.2662865091822892,1.27,6.0,0.5,12,5,True,1.0,11,111,86,25,False,99,5.133858267716535,0.713229028189658,0.047244094488188976,0.007874015748031496,2.0708661417322833,False,False,False,good,0.1085767278819291,1.2662865091822892,5,0.06628650918228937,BUFFERED
1.3.2,redundancy-compensated-pressure-routing,adaptive-014:normal,targeted,0.2,100,132,32,1.310012603317268,1.32,6.0,0.5,12,6,True,1.0,11,111,85,26,False,92,4.878787878787879,0.6649457234684507,0.022727272727272728,0.0,2.1742424242424243,False,False,False,normal,0.4000840221151206,1.310012603317268,6,0.1100126033172681,BUFFERED
1.3.2,redundancy-compensated-pressure-routing,adaptive-014:bad,targeted,0.2,100,135,35,1.3429982646735439,1.35,6.0,0.5,12,6,True,1.0,12,112,85,27,False,97,4.659259259259259,0.6550932606488162,0.014814814814814815,0.0,1.9851851851851852,False,False,False,bad,0.6199884311569595,1.3429982646735439,6,0.14299826467354393,STREAMING
1.3.2,redundancy-compensated-pressure-routing,adaptive-014:very_bad,targeted,0.2,100,139,39,1.3814728294029885,1.39,6.0,0.5,12,7,True,1.0,15,115,82,33,False,95,4.302158273381295,0.6472640069762372,0.02158273381294964,0.0,1.8273381294964028,False,False,False,very_bad,0.8764855293532567,1.3814728294029885,7,0.18147282940298853,STREAMING
1.3.2,redundancy-compensated-pressure-routing,adaptive-014:good,behavioral,0.2,100,127,27,1.2662865091822892,1.27,6.0,0.5,12,5,True,1.0,5,105,83,22,True,0,4.850393700787402,0.6672592062355842,0.03937007874015748,0.007874015748031496,0.0,False,False,False,good,0.1085767278819291,1.2662865091822892,5,0.06628650918228937,BUFFERED
1.3.2,redundancy-compensated-pressure-routing,adaptive-014:normal,behavioral,0.2,100,132,32,1.310012603317268,1.32,6.0,0.5,12,6,True,1.0,9,109,83,26,True,0,4.863636363636363,0.6613447789584153,0.045454545454545456,0.007575757575757576,0.0,False,False,False,normal,0.4000840221151206,1.310012603317268,6,0.1100126033172681,BUFFERED
1.3.2,redundancy-compensated-pressure-routing,adaptive-014:bad,behavioral,0.2,100,135,35,1.3429982646735439,1.35,6.0,0.5,12,6,True,1.0,8,108,81,27,True,0,4.548148148148148,0.641677088343755,0.08148148148148149,0.007407407407407408,0.0,False,False,False,bad,0.6199884311569595,1.3429982646735439,6,0.14299826467354393,STREAMING
1.3.2,redundancy-compensated-pressure-routing,adaptive-014:very_bad,behavioral,0.2,100,139,39,1.3814728294029885,1.39,6.0,0.5,12,7,True,1.0,17,117,84,33,True,0,4.611510791366906,0.653638387990906,0.03597122302158273,0.0,0.0,False,False,False,very_bad,0.8764855293532567,1.3814728294029885,7,0.18147282940298853,STREAMING
1.3.2,redundancy-compensated-pressure-routing,adaptive-015:good,random,0.2,100,127,27,1.2695300784926467,1.27,6.0,0.5,12,5,True,1.0,14,114,90,24,False,75,5.039370078740157,0.7168089784231516,0.023622047244094488,0.0,1.062992125984252,False,False,False,good,0.1302005232843106,1.2695300784926467,5,0.06953007849264659,BUFFERED
1.3.2,redundancy-compensated-pressure-routing,adaptive-015:normal,random,0.2,100,131,31,1.3017826205745415,1.31,6.0,0.5,12,6,True,1.0,5,105,82,23,False,80,5.022900763358779,0.6533315708888228,0.015267175572519083,0.022900763358778626,1.183206106870229,False,False,False,normal,0.3452174704969435,1.3017826205745415,6,0.10178262057454154,BUFFERED
1.3.2,redundancy-compensated-pressure-routing,adaptive-015:bad,random,0.2,100,135,35,1.3491623223897855,1.35,6.0,0.5,12,6,True,1.0,10,110,81,29,False,78,4.511111111111111,0.6435083640639196,0.022222222222222223,0.007407407407407408,1.1111111111111112,False,False,False,bad,0.6610821492652367,1.3491623223897855,6,0.14916232238978552,STREAMING
1.3.2,redundancy-compensated-pressure-routing,adaptive-015:very_bad,random,0.2,100,139,39,1.3824047765835838,1.39,6.0,0.5,12,7,True,1.0,14,114,79,35,False,77,4.280575539568345,0.6374635356649745,0.014388489208633094,0.0,1.0,False,False,False,very_bad,0.8826985105572265,1.3824047765835838,7,0.182404776583584,STREAMING
1.3.2,redundancy-compensated-pressure-routing,adaptive-015:good,targeted,0.2,100,127,27,1.2695300784926467,1.27,6.0,0.5,12,5,True,1.0,14,114,90,24,False,95,5.039370078740157,0.7168089784231516,0.023622047244094488,0.0,2.15748031496063,False,False,False,good,0.1302005232843106,1.2695300784926467,5,0.06953007849264659,BUFFERED
1.3.2,redundancy-compensated-pressure-routing,adaptive-015:normal,targeted,0.2,100,131,31,1.3017826205745415,1.31,6.0,0.5,12,6,True,1.0,5,105,82,23,False,91,5.022900763358779,0.6533315708888228,0.015267175572519083,0.022900763358778626,2.122137404580153,False,False,False,normal,0.3452174704969435,1.3017826205745415,6,0.10178262057454154,BUFFERED
1.3.2,redundancy-compensated-pressure-routing,adaptive-015:bad,targeted,0.2,100,135,35,1.3491623223897855,1.35,6.0,0.5,12,6,True,1.0,10,110,81,29,False,97,4.511111111111111,0.6435083640639196,0.022222222222222223,0.007407407407407408,1.962962962962963,False,False,False,bad,0.6610821492652367,1.3491623223897855,6,0.14916232238978552,STREAMING
1.3.2,redundancy-compensated-pressure-routing,adaptive-015:very_bad,targeted,0.2,100,139,39,1.3824047765835838,1.39,6.0,0.5,12,7,True,1.0,14,114,79,35,False,92,4.280575539568345,0.6374635356649745,0.014388489208633094,0.0,1.8776978417266188,False,False,False,very_bad,0.8826985105572265,1.3824047765835838,7,0.182404776583584,STREAMING
1.3.2,redundancy-compensated-pressure-routing,adaptive-015:good,behavioral,0.2,100,127,27,1.2695300784926467,1.27,6.0,0.5,12,5,True,1.0,7,107,83,24,True,0,4.291338582677166,0.6577422140414266,0.03937007874015748,0.0,0.0,False,False,False,good,0.1302005232843106,1.2695300784926467,5,0.06953007849264659,BUFFERED
1.3.2,redundancy-compensated-pressure-routing,adaptive-015:normal,behavioral,0.2,100,131,31,1.3017826205745415,1.31,6.0,0.5,12,6,True,1.0,5,105,83,22,True,0,5.00763358778626,0.6455545091041274,0.03816793893129771,0.061068702290076333,0.0,False,False,False,normal,0.3452174704969435,1.3017826205745415,6,0.10178262057454154,BUFFERED
1.3.2,redundancy-compensated-pressure-routing,adaptive-015:bad,behavioral,0.2,100,135,35,1.3491623223897855,1.35,6.0,0.5,12,6,True,1.0,9,109,76,33,True,0,4.488888888888889,0.6368978141200363,0.05185185185185185,0.007407407407407408,0.0,False,False,False,bad,0.6610821492652367,1.3491623223897855,6,0.14916232238978552,STREAMING
1.3.2,redundancy-compensated-pressure-routing,adaptive-015:very_bad,behavioral,0.2,100,139,39,1.3824047765835838,1.39,6.0,0.5,12,7,True,1.0,14,114,81,33,True,0,4.892086330935252,0.6640684854713632,0.03597122302158273,0.0,0.0,False,False,False,very_bad,0.8826985105572265,1.3824047765835838,7,0.182404776583584,STREAMING
1.3.2,redundancy-compensated-pressure-routing,adaptive-016:good,random,0.2,100,128,28,1.2705368486376507,1.28,6.0,0.5,12,5,True,1.0,6,106,86,20,False,77,4.6953125,0.6537374301046176,0.03125,0.0,1.390625,False,False,False,good,0.13691232425100458,1.2705368486376507,5,0.0705368486376507,BUFFERED
1.3.2,redundancy-compensated-pressure-routing,adaptive-016:normal,random,0.2,100,130,30,1.2964968184674093,1.3,6.0,0.5,12,6,True,1.0,2,102,79,23,False,72,4.3307692307692305,0.6183355533355533,0.023076923076923078,0.023076923076923078,1.1307692307692307,False,False,False,normal,0.3099787897827287,1.2964968184674093,6,0.09649681846740932,BUFFERED
1.3.2,redundancy-compensated-pressure-routing,adaptive-016:bad,random,0.2,100,135,35,1.3445488809472297,1.35,6.0,0.5,12,6,True,1.0,18,118,88,30,False,87,4.5777777777777775,0.679688151354818,0.0,0.014814814814814815,1.2296296296296296,False,False,False,bad,0.630325872981531,1.3445488809472297,6,0.14454888094722967,BUFFERED
1.3.2,redundancy-compensated-pressure-routing,adaptive-016:very_bad,random,0.2,100,140,40,1.3921787785962814,1.4,6.0,0.5,12,7,True,1.0,20,120,89,31,False,96,5.164285714285715,0.6917133065347351,0.05714285714285714,0.0,1.4357142857142857,False,False,False,very_bad,0.94785852397521,1.3921787785962814,7,0.19217877859628152,STREAMING
1.3.2,redundancy-compensated-pressure-routing,adaptive-016:good,targeted,0.2,100,128,28,1.2705368486376507,1.28,6.0,0.5,12,5,True,1.0,6,106,86,20,False,93,4.6953125,0.6537374301046176,0.03125,0.0,1.9765625,False,False,False,good,0.13691232425100458,1.2705368486376507,5,0.0705368486376507,BUFFERED
1.3.2,redundancy-compensated-pressure-routing,adaptive-016:normal,targeted,0.2,100,130,30,1.2964968184674093,1.3,6.0,0.5,12,6,True,1.0,2,102,79,23,False,84,4.3307692307692305,0.6183355533355533,0.023076923076923078,0.023076923076923078,1.8153846153846154,False,False,False,normal,0.3099787897827287,1.2964968184674093,6,0.09649681846740932,BUFFERED
1.3.2,redundancy-compensated-pressure-routing,adaptive-016:bad,targeted,0.2,100,135,35,1.3445488809472297,1.35,6.0,0.5,12,6,True,1.0,18,118,88,30,False,103,4.5777777777777775,0.679688151354818,0.0,0.014814814814814815,1.9851851851851852,False,False,False,bad,0.630325872981531,1.3445488809472297,6,0.14454888094722967,BUFFERED
1.3.2,redundancy-compensated-pressure-routing,adaptive-016:very_bad,targeted,0.2,100,140,40,1.3921787785962814,1.4,6.0,0.5,12,7,True,1.0,20,120,89,31,False,105,5.164285714285715,0.6917133065347351,0.05714285714285714,0.0,2.0357142857142856,False,False,False,very_bad,0.94785852397521,1.3921787785962814,7,0.19217877859628152,STREAMING
1.3.2,redundancy-compensated-pressure-routing,adaptive-016:good,behavioral,0.2,100,128,28,1.2705368486376507,1.28,6.0,0.5,12,5,True,1.0,5,105,85,20,True,0,5.296875,0.6679433847402597,0.1953125,0.0,0.0,False,False,False,good,0.13691232425100458,1.2705368486376507,5,0.0705368486376507,BUFFERED
1.3.2,redundancy-compensated-pressure-routing,adaptive-016:normal,behavioral,0.2,100,130,30,1.2964968184674093,1.3,6.0,0.5,12,6,True,1.0,6,106,84,22,True,0,4.992307692307692,0.6556121656121656,0.03076923076923077,0.023076923076923078,0.0,False,False,False,normal,0.3099787897827287,1.2964968184674093,6,0.09649681846740932,BUFFERED
1.3.2,redundancy-compensated-pressure-routing,adaptive-016:bad,behavioral,0.2,100,135,35,1.3445488809472297,1.35,6.0,0.5,12,6,True,1.0,19,119,89,30,True,0,4.807407407407408,0.6891168296723852,0.022222222222222223,0.014814814814814815,0.0,False,False,False,bad,0.630325872981531,1.3445488809472297,6,0.14454888094722967,BUFFERED
1.3.2,redundancy-compensated-pressure-routing,adaptive-016:very_bad,behavioral,0.2,100,140,40,1.3921787785962814,1.4,6.0,0.5,12,7,True,1.0,25,125,90,35,True,0,5.55,0.7294212533498248,0.06428571428571428,0.0,0.0,False,False,False,very_bad,0.94785852397521,1.3921787785962814,7,0.19217877859628152,STREAMING
1.3.2,redundancy-compensated-pressure-routing,adaptive-017:good,random,0.2,100,127,27,1.26199468376623,1.27,6.0,0.5,12,5,True,1.0,7,107,86,21,False,77,5.47244094488189,0.6993145743145743,0.015748031496062992,0.0,1.047244094488189,False,False,False,good,0.07996455844153291,1.26199468376623,5,0.06199468376622994,BUFFERED
1.3.2,redundancy-compensated-pressure-routing,adaptive-017:normal,random,0.2,100,131,31,1.3071415455478748,1.31,6.0,0.5,12,6,True,1.0,13,113,85,28,False,80,4.854961832061068,0.681460460658934,0.022900763358778626,0.0,0.9694656488549618,False,False,False,normal,0.3809436369858317,1.3071415455478748,6,0.10714154554787478,BUFFERED
1.3.2,redundancy-compensated-pressure-routing,adaptive-017:bad,random,0.2,100,136,36,1.3503499175186502,1.36,6.0,0.5,12,6,True,1.0,15,115,84,31,False,88,5.382352941176471,0.6904602750190986,0.0,0.0,1.3088235294117647,False,False,False,bad,0.6689994501243344,1.3503499175186502,6,0.15034991751865018,STREAMING
1.3.2,redundancy-compensated-pressure-routing,adaptive-017:very_bad,random,0.2,100,139,39,1.3854255995303277,1.39,6.0,0.5,12,7,True,1.0,13,113,82,31,False,66,4.381294964028777,0.6368523363127679,0.02877697841726619,0.014388489208633094,0.8633093525179856,False,False,False,very_bad,0.9028373302021848,1.3854255995303277,7,0.18542559953032772,STREAMING
1.3.2,redundancy-compensated-pressure-routing,adaptive-017:good,targeted,0.2,100,127,27,1.26199468376623,1.27,6.0,0.5,12,5,True,1.0,7,107,86,21,False,94,5.47244094488189,0.6993145743145743,0.015748031496062992,0.0,2.2125984251968505,False,False,False,good,0.07996455844153291,1.26199468376623,5,0.06199468376622994,BUFFERED
1.3.2,redundancy-compensated-pressure-routing,adaptive-017:normal,targeted,0.2,100,131,31,1.3071415455478748,1.31,6.0,0.5,12,6,True,1.0,13,113,85,28,False,91,4.854961832061068,0.681460460658934,0.022900763358778626,0.0,1.9770992366412214,False,False,False,normal,0.3809436369858317,1.3071415455478748,6,0.10714154554787478,BUFFERED
1.3.2,redundancy-compensated-pressure-routing,adaptive-017:bad,targeted,0.2,100,136,36,1.3503499175186502,1.36,6.0,0.5,12,6,True,1.0,15,115,84,31,False,102,5.382352941176471,0.6904602750190986,0.0,0.0,2.0294117647058822,False,False,False,bad,0.6689994501243344,1.3503499175186502,6,0.15034991751865018,STREAMING
1.3.2,redundancy-compensated-pressure-routing,adaptive-017:very_bad,targeted,0.2,100,139,39,1.3854255995303277,1.39,6.0,0.5,12,7,True,1.0,13,113,82,31,False,93,4.381294964028777,0.6368523363127679,0.02877697841726619,0.014388489208633094,1.8201438848920863,False,False,False,very_bad,0.9028373302021848,1.3854255995303277,7,0.18542559953032772,STREAMING
1.3.2,redundancy-compensated-pressure-routing,adaptive-017:good,behavioral,0.2,100,127,27,1.26199468376623,1.27,6.0,0.5,12,5,True,1.0,4,104,83,21,True,0,4.559055118110236,0.6430755814614082,0.11023622047244094,0.0,0.0,False,False,False,good,0.07996455844153291,1.26199468376623,5,0.06199468376622994,BUFFERED
1.3.2,redundancy-compensated-pressure-routing,adaptive-017:normal,behavioral,0.2,100,131,31,1.3071415455478748,1.31,6.0,0.5,12,6,True,1.0,14,114,87,27,True,0,4.679389312977099,0.6738086976636595,0.030534351145038167,0.0,0.0,False,False,False,normal,0.3809436369858317,1.3071415455478748,6,0.10714154554787478,BUFFERED
1.3.2,redundancy-compensated-pressure-routing,adaptive-017:bad,behavioral,0.2,100,136,36,1.3503499175186502,1.36,6.0,0.5,12,6,True,1.0,12,112,85,27,True,0,4.735294117647059,0.6530096129360835,0.03676470588235294,0.0,0.0,False,False,False,bad,0.6689994501243344,1.3503499175186502,6,0.15034991751865018,STREAMING
1.3.2,redundancy-compensated-pressure-routing,adaptive-017:very_bad,behavioral,0.2,100,139,39,1.3854255995303277,1.39,6.0,0.5,12,7,True,1.0,16,116,84,32,True,0,4.676258992805756,0.6624848173409325,0.05755395683453238,0.014388489208633094,0.0,False,False,False,very_bad,0.9028373302021848,1.3854255995303277,7,0.18542559953032772,STREAMING
1.3.2,redundancy-compensated-pressure-routing,adaptive-018:good,random,0.2,100,127,27,1.264125769601745,1.27,6.0,0.5,12,5,True,1.0,16,116,92,24,False,80,5.653543307086614,0.7378216927429526,0.023622047244094488,0.015748031496062992,1.220472440944882,False,False,False,good,0.09417179734496674,1.264125769601745,5,0.06412576960174501,BUFFERED
1.3.2,redundancy-compensated-pressure-routing,adaptive-018:normal,random,0.2,100,131,31,1.3038796248120614,1.31,6.0,0.5,12,6,True,1.0,11,111,84,27,False,76,5.282442748091603,0.681296608395845,0.04580152671755725,0.0,1.4045801526717556,False,False,False,normal,0.3591974987470771,1.3038796248120614,6,0.10387962481206159,BUFFERED
1.3.2,redundancy-compensated-pressure-routing,adaptive-018:bad,random,0.2,100,135,35,1.3489143376429773,1.35,6.0,0.5,12,6,True,1.0,13,113,82,31,False,81,4.637037037037037,0.6549462882796216,0.022222222222222223,0.0,1.1777777777777778,False,False,False,bad,0.6594289176198489,1.3489143376429773,6,0.14891433764297735,BUFFERED
1.3.2,redundancy-compensated-pressure-routing,adaptive-018:very_bad,random,0.2,100,139,39,1.3845076284096651,1.39,6.0,0.5,12,7,True,1.0,12,112,81,31,False,81,4.58273381294964,0.6428249608105723,0.05755395683453238,0.014388489208633094,1.129496402877698,False,False,False,very_bad,0.8967175227311015,1.3845076284096651,7,0.18450762840966523,STREAMING
1.3.2,redundancy-compensated-pressure-routing,adaptive-018:good,targeted,0.2,100,127,27,1.264125769601745,1.27,6.0,0.5,12,5,True,1.0,16,116,92,24,False,103,5.653543307086614,0.7378216927429526,0.023622047244094488,0.015748031496062992,2.5826771653543306,False,False,False,good,0.09417179734496674,1.264125769601745,5,0.06412576960174501,BUFFERED
1.3.2,redundancy-compensated-pressure-routing,adaptive-018:normal,targeted,0.2,100,131,31,1.3038796248120614,1.31,6.0,0.5,12,6,True,1.0,11,111,84,27,False,98,5.282442748091603,0.681296608395845,0.04580152671755725,0.0,2.213740458015267,False,False,False,normal,0.3591974987470771,1.3038796248120614,6,0.10387962481206159,BUFFERED
1.3.2,redundancy-compensated-pressure-routing,adaptive-018:bad,targeted,0.2,100,135,35,1.3489143376429773,1.35,6.0,0.5,12,6,True,1.0,13,113,82,31,False,96,4.637037037037037,0.6549462882796216,0.022222222222222223,0.0,1.8222222222222222,False,False,False,bad,0.6594289176198489,1.3489143376429773,6,0.14891433764297735,BUFFERED
1.3.2,redundancy-compensated-pressure-routing,adaptive-018:very_bad,targeted,0.2,100,139,39,1.3845076284096651,1.39,6.0,0.5,12,7,True,1.0,12,112,81,31,False,93,4.58273381294964,0.6428249608105723,0.05755395683453238,0.014388489208633094,1.870503597122302,False,False,False,very_bad,0.8967175227311015,1.3845076284096651,7,0.18450762840966523,STREAMING
1.3.2,redundancy-compensated-pressure-routing,adaptive-018:good,behavioral,0.2,100,127,27,1.264125769601745,1.27,6.0,0.5,12,5,True,1.0,14,114,91,23,True,0,4.7637795275590555,0.6982465260024315,0.015748031496062992,0.023622047244094488,0.0,False,False,False,good,0.09417179734496674,1.264125769601745,5,0.06412576960174501,BUFFERED
1.3.2,redundancy-compensated-pressure-routing,adaptive-018:normal,behavioral,0.2,100,131,31,1.3038796248120614,1.31,6.0,0.5,12,6,True,1.0,6,106,79,27,True,0,3.9770992366412212,0.6132524811914125,0.061068702290076333,0.015267175572519083,0.0,False,False,False,normal,0.3591974987470771,1.3038796248120614,6,0.10387962481206159,BUFFERED
1.3.2,redundancy-compensated-pressure-routing,adaptive-018:bad,behavioral,0.2,100,135,35,1.3489143376429773,1.35,6.0,0.5,12,6,True,1.0,19,119,85,34,True,0,4.970370370370371,0.6960312115867672,0.02962962962962963,0.0,0.0,False,False,False,bad,0.6594289176198489,1.3489143376429773,6,0.14891433764297735,BUFFERED
1.3.2,redundancy-compensated-pressure-routing,adaptive-018:very_bad,behavioral,0.2,100,139,39,1.3845076284096651,1.39,6.0,0.5,12,7,True,1.0,13,113,79,34,True,0,4.086330935251799,0.6148156799235935,0.10071942446043165,0.014388489208633094,0.0,False,False,False,very_bad,0.8967175227311015,1.3845076284096651,7,0.18450762840966523,STREAMING
1.3.2,redundancy-compensated-pressure-routing,adaptive-019:good,random,0.2,100,127,27,1.2623558422345158,1.27,6.0,0.5,12,5,True,1.0,2,102,79,23,False,64,4.661417322834645,0.6394845530672302,0.047244094488188976,0.031496062992125984,1.0393700787401574,False,False,False,good,0.08237228156343855,1.2623558422345158,5,0.06235584223451579,BUFFERED
1.3.2,redundancy-compensated-pressure-routing,adaptive-019:normal,random,0.2,100,131,31,1.3042644007226836,1.31,6.0,0.5,12,6,True,1.0,6,106,82,24,False,64,4.793893129770993,0.6572207902360574,0.015267175572519083,0.007633587786259542,0.816793893129771,False,False,False,normal,0.36176267148455665,1.3042644007226836,6,0.1042644007226835,BUFFERED
1.3.2,redundancy-compensated-pressure-routing,adaptive-019:bad,random,0.2,100,135,35,1.349470417638541,1.35,6.0,0.5,12,6,True,1.0,10,110,83,27,False,79,5.029629629629629,0.6671164021164021,0.08148148148148149,0.037037037037037035,1.0888888888888888,False,False,False,bad,0.6631361175902738,1.349470417638541,6,0.14947041763854108,STREAMING
1.3.2,redundancy-compensated-pressure-routing,adaptive-019:very_bad,random,0.2,100,139,39,1.3874431743808364,1.39,6.0,0.5,12,7,True,1.0,14,114,79,35,False,88,4.697841726618705,0.6515987210231815,0.014388489208633094,0.007194244604316547,1.2589928057553956,False,False,False,very_bad,0.9162878292055772,1.3874431743808364,7,0.18744317438083657,STREAMING
1.3.2,redundancy-compensated-pressure-routing,adaptive-019:good,targeted,0.2,100,127,27,1.2623558422345158,1.27,6.0,0.5,12,5,True,1.0,2,102,79,23,False,87,4.661417322834645,0.6394845530672302,0.047244094488188976,0.031496062992125984,1.9448818897637796,False,False,False,good,0.08237228156343855,1.2623558422345158,5,0.06235584223451579,BUFFERED
1.3.2,redundancy-compensated-pressure-routing,adaptive-019:normal,targeted,0.2,100,131,31,1.3042644007226836,1.31,6.0,0.5,12,6,True,1.0,6,106,82,24,False,94,4.793893129770993,0.6572207902360574,0.015267175572519083,0.007633587786259542,2.1068702290076335,False,False,False,normal,0.36176267148455665,1.3042644007226836,6,0.1042644007226835,BUFFERED
1.3.2,redundancy-compensated-pressure-routing,adaptive-019:bad,targeted,0.2,100,135,35,1.349470417638541,1.35,6.0,0.5,12,6,True,1.0,10,110,83,27,False,91,5.029629629629629,0.6671164021164021,0.08148148148148149,0.037037037037037035,1.9111111111111112,False,False,False,bad,0.6631361175902738,1.349470417638541,6,0.14947041763854108,STREAMING
1.3.2,redundancy-compensated-pressure-routing,adaptive-019:very_bad,targeted,0.2,100,139,39,1.3874431743808364,1.39,6.0,0.5,12,7,True,1.0,14,114,79,35,False,93,4.697841726618705,0.6515987210231815,0.014388489208633094,0.007194244604316547,2.2661870503597124,False,False,False,very_bad,0.9162878292055772,1.3874431743808364,7,0.18744317438083657,STREAMING
1.3.2,redundancy-compensated-pressure-routing,adaptive-019:good,behavioral,0.2,100,127,27,1.2623558422345158,1.27,6.0,0.5,12,5,False,0.96,-4,96,75,21,False,0,4.4015748031496065,0.5978715728715729,0.05511811023622047,0.03937007874015748,0.0,False,False,False,good,0.08237228156343855,1.2623558422345158,5,0.06235584223451579,BUFFERED
1.3.2,redundancy-compensated-pressure-routing,adaptive-019:normal,behavioral,0.2,100,131,31,1.3042644007226836,1.31,6.0,0.5,12,6,True,1.0,7,107,82,25,True,0,5.145038167938932,0.6654993225603912,0.06870229007633588,0.007633587786259542,0.0,False,False,False,normal,0.36176267148455665,1.3042644007226836,6,0.1042644007226835,BUFFERED
1.3.2,redundancy-compensated-pressure-routing,adaptive-019:bad,behavioral,0.2,100,135,35,1.349470417638541,1.35,6.0,0.5,12,6,True,1.0,10,110,84,26,True,0,5.014814814814815,0.6636767142322698,0.05925925925925926,0.037037037037037035,0.0,False,False,False,bad,0.6631361175902738,1.349470417638541,6,0.14947041763854108,STREAMING
1.3.2,redundancy-compensated-pressure-routing,adaptive-019:very_bad,behavioral,0.2,100,139,39,1.3874431743808364,1.39,6.0,0.5,12,7,True,1.0,15,115,81,34,True,0,5.136690647482014,0.6759470345801281,0.07913669064748201,0.007194244604316547,0.0,False,False,False,very_bad,0.9162878292055772,1.3874431743808364,7,0.18744317438083657,STREAMING
1.3.2,redundancy-compensated-pressure-routing,adaptive-020:good,random,0.2,100,127,27,1.2698793447406158,1.27,6.0,0.5,12,5,True,1.0,3,103,81,22,False,74,4.708661417322834,0.6525019599822749,0.015748031496062992,0.007874015748031496,1.2125984251968505,False,False,False,good,0.13252896493743846,1.2698793447406158,5,0.06987934474061577,BUFFERED
1.3.2,redundancy-compensated-pressure-routing,adaptive-020:normal,random,0.2,100,132,32,1.3133676574739495,1.32,6.0,0.5,12,6,True,1.0,11,111,83,28,False,69,5.204545454545454,0.6788204009794919,0.05303030303030303,0.0,0.9772727272727273,False,False,False,normal,0.4224510498263293,1.3133676574739495,6,0.1133676574739494,BUFFERED
1.3.2,redundancy-compensated-pressure-routing,adaptive-020:bad,random,0.2,100,135,35,1.3467746791184996,1.35,6.0,0.5,12,6,True,1.0,17,117,88,29,False,78,4.896296296296296,0.6839198866976645,0.037037037037037035,0.0,1.1111111111111112,False,False,False,bad,0.6451645274566638,1.3467746791184996,6,0.14677467911849956,STREAMING
1.3.2,redundancy-compensated-pressure-routing,adaptive-020:very_bad,random,0.2,100,139,39,1.3898922504692668,1.39,6.0,0.5,12,7,True,1.0,28,128,89,39,False,92,5.194244604316546,0.7210818358300373,0.02877697841726619,0.0,1.143884892086331,False,False,False,very_bad,0.9326150031284464,1.3898922504692668,7,0.189892250469267,STREAMING
1.3.2,redundancy-compensated-pressure-routing,adaptive-020:good,targeted,0.2,100,127,27,1.2698793447406158,1.27,6.0,0.5,12,5,True,1.0,3,103,81,22,False,88,4.708661417322834,0.6525019599822749,0.015748031496062992,0.007874015748031496,2.0708661417322833,False,False,False,good,0.13252896493743846,1.2698793447406158,5,0.06987934474061577,BUFFERED
1.3.2,redundancy-compensated-pressure-routing,adaptive-020:normal,targeted,0.2,100,132,32,1.3133676574739495,1.32,6.0,0.5,12,6,True,1.0,11,111,83,28,False,99,5.204545454545454,0.6788204009794919,0.05303030303030303,0.0,2.287878787878788,False,False,False,normal,0.4224510498263293,1.3133676574739495,6,0.1133676574739494,BUFFERED
1.3.2,redundancy-compensated-pressure-routing,adaptive-020:bad,targeted,0.2,100,135,35,1.3467746791184996,1.35,6.0,0.5,12,6,True,1.0,17,117,88,29,False,104,4.896296296296296,0.6839198866976645,0.037037037037037035,0.0,2.1259259259259258,False,False,False,bad,0.6451645274566638,1.3467746791184996,6,0.14677467911849956,STREAMING
1.3.2,redundancy-compensated-pressure-routing,adaptive-020:very_bad,targeted,0.2,100,139,39,1.3898922504692668,1.39,6.0,0.5,12,7,True,1.0,28,128,89,39,False,114,5.194244604316546,0.7210818358300373,0.02877697841726619,0.0,2.3309352517985613,False,False,False,very_bad,0.9326150031284464,1.3898922504692668,7,0.189892250469267,STREAMING
1.3.2,redundancy-compensated-pressure-routing,adaptive-020:good,behavioral,0.2,100,127,27,1.2698793447406158,1.27,6.0,0.5,12,5,True,1.0,2,102,79,23,True,0,4.417322834645669,0.6283856563384123,0.047244094488188976,0.007874015748031496,0.0,False,False,False,good,0.13252896493743846,1.2698793447406158,5,0.06987934474061577,BUFFERED
1.3.2,redundancy-compensated-pressure-routing,adaptive-020:normal,behavioral,0.2,100,132,32,1.3133676574739495,1.32,6.0,0.5,12,6,True,1.0,12,112,86,26,True,0,4.924242424242424,0.6764170383488565,0.06818181818181818,0.0,0.0,False,False,False,normal,0.4224510498263293,1.3133676574739495,6,0.1133676574739494,BUFFERED
1.3.2,redundancy-compensated-pressure-routing,adaptive-020:bad,behavioral,0.2,100,135,35,1.3467746791184996,1.35,6.0,0.5,12,6,True,1.0,17,117,89,28,True,0,5.059259259259259,0.6898992571214794,0.037037037037037035,0.0,0.0,False,False,False,bad,0.6451645274566638,1.3467746791184996,6,0.14677467911849956,STREAMING
1.3.2,redundancy-compensated-pressure-routing,adaptive-020:very_bad,behavioral,0.2,100,139,39,1.3898922504692668,1.39,6.0,0.5,12,7,True,1.0,23,123,88,35,True,0,4.784172661870503,0.6914683837345708,0.050359712230215826,0.0,0.0,False,False,False,very_bad,0.9326150031284464,1.3898922504692668,7,0.189892250469267,STREAMING
1.3.2,redundancy-compensated-pressure-routing,adaptive-021:good,random,0.2,100,127,27,1.26830707851372,1.27,6.0,0.5,12,5,True,1.0,11,111,87,24,False,84,5.039370078740157,0.6920438922407426,0.015748031496062992,0.015748031496062992,1.5748031496062993,False,False,False,good,0.12204719009146729,1.26830707851372,5,0.0683070785137201,BUFFERED
1.3.2,redundancy-compensated-pressure-routing,adaptive-021:normal,random,0.2,100,131,31,1.3061681378694758,1.31,6.0,0.5,12,6,True,1.0,15,115,88,27,False,84,4.748091603053435,0.6880886289283236,0.022900763358778626,0.007633587786259542,1.381679389312977,False,False,False,normal,0.37445425246317265,1.3061681378694758,6,0.1061681378694759,BUFFERED
1.3.2,redundancy-compensated-pressure-routing,adaptive-021:bad,random,0.2,100,135,35,1.3472245918310886,1.35,6.0,0.5,12,6,True,1.0,14,114,85,29,False,83,4.385185185185185,0.6592493720271498,0.014814814814814815,0.014814814814814815,1.0296296296296297,False,False,False,bad,0.6481639455405912,1.3472245918310886,6,0.1472245918310887,STREAMING
1.3.2,redundancy-compensated-pressure-routing,adaptive-021:very_bad,random,0.2,100,139,39,1.3818297573284315,1.39,6.0,0.5,12,7,True,1.0,19,119,82,37,False,83,4.611510791366906,0.6789127139846565,0.007194244604316547,0.007194244604316547,1.3093525179856116,False,False,False,very_bad,0.8788650488562103,1.3818297573284315,7,0.1818297573284316,STREAMING
1.3.2,redundancy-compensated-pressure-routing,adaptive-021:good,targeted,0.2,100,127,27,1.26830707851372,1.27,6.0,0.5,12,5,True,1.0,11,111,87,24,False,100,5.039370078740157,0.6920438922407426,0.015748031496062992,0.015748031496062992,1.905511811023622,False,False,False,good,0.12204719009146729,1.26830707851372,5,0.0683070785137201,BUFFERED
1.3.2,redundancy-compensated-pressure-routing,adaptive-021:normal,targeted,0.2,100,131,31,1.3061681378694758,1.31,6.0,0.5,12,6,True,1.0,15,115,88,27,False,95,4.748091603053435,0.6880886289283236,0.022900763358778626,0.007633587786259542,1.786259541984733,False,False,False,normal,0.37445425246317265,1.3061681378694758,6,0.1061681378694759,BUFFERED
1.3.2,redundancy-compensated-pressure-routing,adaptive-021:bad,targeted,0.2,100,135,35,1.3472245918310886,1.35,6.0,0.5,12,6,True,1.0,14,114,85,29,False,94,4.385185185185185,0.6592493720271498,0.014814814814814815,0.014814814814814815,1.6962962962962962,False,False,False,bad,0.6481639455405912,1.3472245918310886,6,0.1472245918310887,STREAMING
1.3.2,redundancy-compensated-pressure-routing,adaptive-021:very_bad,targeted,0.2,100,139,39,1.3818297573284315,1.39,6.0,0.5,12,7,True,1.0,19,119,82,37,False,99,4.611510791366906,0.6789127139846565,0.007194244604316547,0.007194244604316547,1.9136690647482015,False,False,False,very_bad,0.8788650488562103,1.3818297573284315,7,0.1818297573284316,STREAMING
1.3.2,redundancy-compensated-pressure-routing,adaptive-021:good,behavioral,0.2,100,127,27,1.26830707851372,1.27,6.0,0.5,12,5,True,1.0,12,112,89,23,True,0,4.834645669291339,0.6940751724216291,0.007874015748031496,0.015748031496062992,0.0,False,False,False,good,0.12204719009146729,1.26830707851372,5,0.0683070785137201,BUFFERED
1.3.2,redundancy-compensated-pressure-routing,adaptive-021:normal,behavioral,0.2,100,131,31,1.3061681378694758,1.31,6.0,0.5,12,6,True,1.0,5,105,80,25,True,0,4.564885496183206,0.645880010574667,0.08396946564885496,0.06870229007633588,0.0,False,False,False,normal,0.37445425246317265,1.3061681378694758,6,0.1061681378694759,BUFFERED
1.3.2,redundancy-compensated-pressure-routing,adaptive-021:bad,behavioral,0.2,100,135,35,1.3472245918310886,1.35,6.0,0.5,12,6,True,1.0,15,115,84,31,True,0,4.688888888888889,0.672935973491529,0.037037037037037035,0.014814814814814815,0.0,False,False,False,bad,0.6481639455405912,1.3472245918310886,6,0.1472245918310887,STREAMING
1.3.2,redundancy-compensated-pressure-routing,adaptive-021:very_bad,behavioral,0.2,100,139,39,1.3818297573284315,1.39,6.0,0.5,12,7,True,1.0,21,121,83,38,True,0,5.107913669064748,0.6966356784702108,0.014388489208633094,0.014388489208633094,0.0,False,False,False,very_bad,0.8788650488562103,1.3818297573284315,7,0.1818297573284316,STREAMING
1.3.2,redundancy-compensated-pressure-routing,adaptive-022:good,random,0.2,100,127,27,1.2662598033010575,1.27,6.0,0.5,12,5,True,1.0,3,103,82,21,False,71,4.6141732283464565,0.6468589153628523,0.023622047244094488,0.0,1.1811023622047243,False,False,False,good,0.10839868867371667,1.2662598033010575,5,0.0662598033010575,BUFFERED
1.3.2,redundancy-compensated-pressure-routing,adaptive-022:normal,random,0.2,100,131,31,1.3023743701118509,1.31,6.0,0.5,12,6,True,1.0,11,111,85,26,False,83,4.5038167938931295,0.6688901005694898,0.015267175572519083,0.007633587786259542,1.1297709923664123,False,False,False,normal,0.3491624674123392,1.3023743701118509,6,0.10237437011185088,BUFFERED
1.3.2,redundancy-compensated-pressure-routing,adaptive-022:bad,random,0.2,100,136,36,1.3529886795528672,1.36,6.0,0.5,12,6,True,1.0,20,120,87,33,False,81,5.117647058823529,0.7020355869620576,0.03676470588235294,0.014705882352941176,1.2058823529411764,False,False,False,bad,0.686591197019115,1.3529886795528672,6,0.15298867955286727,BUFFERED
1.3.2,redundancy-compensated-pressure-routing,adaptive-022:very_bad,random,0.2,100,139,39,1.3846823652964335,1.39,6.0,0.5,12,7,True,1.0,17,117,85,32,False,85,5.16546762589928,0.6859452697582193,0.02158273381294964,0.0,1.20863309352518,False,False,False,very_bad,0.8978824353095568,1.3846823652964335,7,0.18468236529643356,STREAMING
1.3.2,redundancy-compensated-pressure-routing,adaptive-022:good,targeted,0.2,100,127,27,1.2662598033010575,1.27,6.0,0.5,12,5,True,1.0,3,103,82,21,False,87,4.6141732283464565,0.6468589153628523,0.023622047244094488,0.0,1.968503937007874,False,False,False,good,0.10839868867371667,1.2662598033010575,5,0.0662598033010575,BUFFERED
1.3.2,redundancy-compensated-pressure-routing,adaptive-022:normal,targeted,0.2,100,131,31,1.3023743701118509,1.31,6.0,0.5,12,6,True,1.0,11,111,85,26,False,91,4.5038167938931295,0.6688901005694898,0.015267175572519083,0.007633587786259542,1.9770992366412214,False,False,False,normal,0.3491624674123392,1.3023743701118509,6,0.10237437011185088,BUFFERED
1.3.2,redundancy-compensated-pressure-routing,adaptive-022:bad,targeted,0.2,100,136,36,1.3529886795528672,1.36,6.0,0.5,12,6,True,1.0,20,120,87,33,False,103,5.117647058823529,0.7020355869620576,0.03676470588235294,0.014705882352941176,2.051470588235294,False,False,False,bad,0.686591197019115,1.3529886795528672,6,0.15298867955286727,BUFFERED
1.3.2,redundancy-compensated-pressure-routing,adaptive-022:very_bad,targeted,0.2,100,139,39,1.3846823652964335,1.39,6.0,0.5,12,7,True,1.0,17,117,85,32,False,95,5.16546762589928,0.6859452697582193,0.02158273381294964,0.0,2.237410071942446,False,False,False,very_bad,0.8978824353095568,1.3846823652964335,7,0.18468236529643356,STREAMING
1.3.2,redundancy-compensated-pressure-routing,adaptive-022:good,behavioral,0.2,100,127,27,1.2662598033010575,1.27,6.0,0.5,12,5,True,1.0,6,106,83,23,True,0,4.866141732283465,0.6610631057481451,0.047244094488188976,0.015748031496062992,0.0,False,False,False,good,0.10839868867371667,1.2662598033010575,5,0.0662598033010575,BUFFERED
1.3.2,redundancy-compensated-pressure-routing,adaptive-022:normal,behavioral,0.2,100,131,31,1.3023743701118509,1.31,6.0,0.5,12,6,True,1.0,10,110,83,27,True,0,4.152671755725191,0.6397092517321525,0.015267175572519083,0.007633587786259542,0.0,False,False,False,normal,0.3491624674123392,1.3023743701118509,6,0.10237437011185088,BUFFERED
1.3.2,redundancy-compensated-pressure-routing,adaptive-022:bad,behavioral,0.2,100,136,36,1.3529886795528672,1.36,6.0,0.5,12,6,True,1.0,23,123,89,34,True,0,5.764705882352941,0.7433282403870639,0.022058823529411766,0.014705882352941176,0.0,False,False,False,bad,0.686591197019115,1.3529886795528672,6,0.15298867955286727,BUFFERED
1.3.2,redundancy-compensated-pressure-routing,adaptive-022:very_bad,behavioral,0.2,100,139,39,1.3846823652964335,1.39,6.0,0.5,12,7,True,1.0,21,121,87,34,True,0,4.611510791366906,0.6799973008606102,0.0,0.014388489208633094,0.0,False,False,False,very_bad,0.8978824353095568,1.3846823652964335,7,0.18468236529643356,STREAMING
1.3.2,redundancy-compensated-pressure-routing,adaptive-023:good,random,0.2,100,127,27,1.2627945252714432,1.27,6.0,0.5,12,5,True,1.0,7,107,85,22,False,83,4.952755905511811,0.6743651361761598,0.007874015748031496,0.023622047244094488,1.4566929133858268,False,False,False,good,0.08529683514295539,1.2627945252714432,5,0.06279452527144332,BUFFERED
1.3.2,redundancy-compensated-pressure-routing,adaptive-023:normal,random,0.2,100,131,31,1.3034378371863888,1.31,6.0,0.5,12,6,True,1.0,18,118,90,28,False,80,5.4961832061068705,0.7276271438485179,0.007633587786259542,0.007633587786259542,1.2595419847328244,False,False,False,normal,0.3562522479092591,1.3034378371863888,6,0.10343783718638888,BUFFERED
1.3.2,redundancy-compensated-pressure-routing,adaptive-023:bad,random,0.2,100,136,36,1.3508582538758016,1.36,6.0,0.5,12,6,True,1.0,7,107,72,35,False,79,4.6911764705882355,0.6297873694932519,0.0661764705882353,0.029411764705882353,1.0294117647058822,False,False,False,bad,0.6723883591720109,1.3508582538758016,6,0.15085825387580165,STREAMING
1.3.2,redundancy-compensated-pressure-routing,adaptive-023:very_bad,random,0.2,100,139,39,1.3818780714619794,1.39,6.0,0.5,12,7,True,1.0,20,120,86,34,False,87,5.057553956834532,0.6865102723016392,0.02877697841726619,0.007194244604316547,1.4172661870503598,False,False,False,very_bad,0.8791871430798638,1.3818780714619794,7,0.1818780714619796,STREAMING
1.3.2,redundancy-compensated-pressure-routing,adaptive-023:good,targeted,0.2,100,127,27,1.2627945252714432,1.27,6.0,0.5,12,5,True,1.0,7,107,85,22,False,89,4.952755905511811,0.6743651361761598,0.007874015748031496,0.023622047244094488,1.9606299212598426,False,False,False,good,0.08529683514295539,1.2627945252714432,5,0.06279452527144332,BUFFERED
1.3.2,redundancy-compensated-pressure-routing,adaptive-023:normal,targeted,0.2,100,131,31,1.3034378371863888,1.31,6.0,0.5,12,6,True,1.0,18,118,90,28,False,106,5.4961832061068705,0.7276271438485179,0.007633587786259542,0.007633587786259542,2.4732824427480917,False,False,False,normal,0.3562522479092591,1.3034378371863888,6,0.10343783718638888,BUFFERED
1.3.2,redundancy-compensated-pressure-routing,adaptive-023:bad,targeted,0.2,100,136,36,1.3508582538758016,1.36,6.0,0.5,12,6,True,1.0,7,107,72,35,False,91,4.6911764705882355,0.6297873694932519,0.0661764705882353,0.029411764705882353,1.9411764705882353,False,False,False,bad,0.6723883591720109,1.3508582538758016,6,0.15085825387580165,STREAMING
1.3.2,redundancy-compensated-pressure-routing,adaptive-023:very_bad,targeted,0.2,100,139,39,1.3818780714619794,1.39,6.0,0.5,12,7,True,1.0,20,120,86,34,False,98,5.057553956834532,0.6865102723016392,0.02877697841726619,0.007194244604316547,2.2805755395683454,False,False,False,very_bad,0.8791871430798638,1.3818780714619794,7,0.1818780714619796,STREAMING
1.3.2,redundancy-compensated-pressure-routing,adaptive-023:good,behavioral,0.2,100,127,27,1.2627945252714432,1.27,6.0,0.5,12,5,True,1.0,4,104,81,23,True,0,4.913385826771654,0.6613849405187988,0.007874015748031496,0.023622047244094488,0.0,False,False,False,good,0.08529683514295539,1.2627945252714432,5,0.06279452527144332,BUFFERED
1.3.2,redundancy-compensated-pressure-routing,adaptive-023:normal,behavioral,0.2,100,131,31,1.3034378371863888,1.31,6.0,0.5,12,6,True,1.0,12,112,86,26,True,0,5.015267175572519,0.6804905654142295,0.08396946564885496,0.022900763358778626,0.0,False,False,False,normal,0.3562522479092591,1.3034378371863888,6,0.10343783718638888,BUFFERED
1.3.2,redundancy-compensated-pressure-routing,adaptive-023:bad,behavioral,0.2,100,136,36,1.3508582538758016,1.36,6.0,0.5,12,6,True,1.0,6,106,72,34,True,0,4.727941176470588,0.6231668046006281,0.0661764705882353,0.03676470588235294,0.0,False,False,False,bad,0.6723883591720109,1.3508582538758016,6,0.15085825387580165,STREAMING
1.3.2,redundancy-compensated-pressure-routing,adaptive-023:very_bad,behavioral,0.2,100,139,39,1.3818780714619794,1.39,6.0,0.5,12,7,True,1.0,20,120,87,33,True,0,4.9784172661870505,0.6820966603340705,0.04316546762589928,0.014388489208633094,0.0,False,False,False,very_bad,0.8791871430798638,1.3818780714619794,7,0.1818780714619796,STREAMING
1.3.2,redundancy-compensated-pressure-routing,adaptive-024:good,random,0.2,100,127,27,1.2648677187052189,1.27,6.0,0.5,12,5,True,1.0,1,101,81,20,False,72,4.05511811023622,0.6118289191123837,0.023622047244094488,0.0,1.047244094488189,False,False,False,good,0.09911812470145945,1.2648677187052189,5,0.06486771870521893,BUFFERED
1.3.2,redundancy-compensated-pressure-routing,adaptive-024:normal,random,0.2,100,131,31,1.3079087687260142,1.31,6.0,0.5,12,6,True,1.0,9,109,85,24,False,82,4.694656488549619,0.6542915523831554,0.015267175572519083,0.030534351145038167,1.1374045801526718,False,False,False,normal,0.38605845817342826,1.3079087687260142,6,0.10790876872601425,BUFFERED
1.3.2,redundancy-compensated-pressure-routing,adaptive-024:bad,random,0.2,100,136,36,1.3508846935664733,1.36,6.0,0.5,12,6,True,1.0,13,113,81,32,False,80,4.889705882352941,0.6540812537136067,0.0,0.0,1.0220588235294117,False,False,False,bad,0.6725646237764892,1.3508846935664733,6,0.15088469356647338,STREAMING
1.3.2,redundancy-compensated-pressure-routing,adaptive-024:very_bad,random,0.2,100,139,39,1.3898999608418612,1.39,6.0,0.5,12,7,True,1.0,22,122,86,36,False,85,5.410071942446043,0.7145353846792696,0.04316546762589928,0.0,1.0935251798561152,False,False,False,very_bad,0.9326664056124088,1.3898999608418612,7,0.18989996084186134,STREAMING
1.3.2,redundancy-compensated-pressure-routing,adaptive-024:good,targeted,0.2,100,127,27,1.2648677187052189,1.27,6.0,0.5,12,5,True,1.0,1,101,81,20,False,83,4.05511811023622,0.6118289191123837,0.023622047244094488,0.0,1.8661417322834646,False,False,False,good,0.09911812470145945,1.2648677187052189,5,0.06486771870521893,BUFFERED
1.3.2,redundancy-compensated-pressure-routing,adaptive-024:normal,targeted,0.2,100,131,31,1.3079087687260142,1.31,6.0,0.5,12,6,True,1.0,9,109,85,24,False,93,4.694656488549619,0.6542915523831554,0.015267175572519083,0.030534351145038167,1.9389312977099236,False,False,False,normal,0.38605845817342826,1.3079087687260142,6,0.10790876872601425,BUFFERED
1.3.2,redundancy-compensated-pressure-routing,adaptive-024:bad,targeted,0.2,100,136,36,1.3508846935664733,1.36,6.0,0.5,12,6,True,1.0,13,113,81,32,False,89,4.889705882352941,0.6540812537136067,0.0,0.0,2.0073529411764706,False,False,False,bad,0.6725646237764892,1.3508846935664733,6,0.15088469356647338,STREAMING
1.3.2,redundancy-compensated-pressure-routing,adaptive-024:very_bad,targeted,0.2,100,139,39,1.3898999608418612,1.39,6.0,0.5,12,7,True,1.0,22,122,86,36,False,99,5.410071942446043,0.7145353846792696,0.04316546762589928,0.0,2.028776978417266,False,False,False,very_bad,0.9326664056124088,1.3898999608418612,7,0.18989996084186134,STREAMING
1.3.2,redundancy-compensated-pressure-routing,adaptive-024:good,behavioral,0.2,100,127,27,1.2648677187052189,1.27,6.0,0.5,12,5,True,1.0,3,103,82,21,True,0,3.7007874015748032,0.6051016350228948,0.05511811023622047,0.0,0.0,False,False,False,good,0.09911812470145945,1.2648677187052189,5,0.06486771870521893,BUFFERED
1.3.2,redundancy-compensated-pressure-routing,adaptive-024:normal,behavioral,0.2,100,131,31,1.3079087687260142,1.31,6.0,0.5,12,6,True,1.0,16,116,89,27,True,0,5.213740458015267,0.706929986891819,0.022900763358778626,0.030534351145038167,0.0,False,False,False,normal,0.38605845817342826,1.3079087687260142,6,0.10790876872601425,BUFFERED
1.3.2,redundancy-compensated-pressure-routing,adaptive-024:bad,behavioral,0.2,100,136,36,1.3508846935664733,1.36,6.0,0.5,12,6,True,1.0,13,113,80,33,True,0,4.764705882352941,0.6547483766233766,0.058823529411764705,0.0,0.0,False,False,False,bad,0.6725646237764892,1.3508846935664733,6,0.15088469356647338,STREAMING
1.3.2,redundancy-compensated-pressure-routing,adaptive-024:very_bad,behavioral,0.2,100,139,39,1.3898999608418612,1.39,6.0,0.5,12,7,True,1.0,20,120,86,34,True,0,5.302158273381295,0.693624321322163,0.04316546762589928,0.0,0.0,False,False,False,very_bad,0.9326664056124088,1.3898999608418612,7,0.18989996084186134,STREAMING
1.3.2,redundancy-compensated-pressure-routing,adaptive-025:good,random,0.2,100,127,27,1.2679941543564943,1.27,6.0,0.5,12,5,True,1.0,5,105,83,22,False,66,4.4015748031496065,0.6578856620195203,0.031496062992125984,0.007874015748031496,0.7952755905511811,False,False,False,good,0.11996102904329567,1.2679941543564943,5,0.06799415435649436,BUFFERED
1.3.2,redundancy-compensated-pressure-routing,adaptive-025:normal,random,0.2,100,130,30,1.297824053331406,1.3,6.0,0.5,12,6,True,1.0,12,112,88,24,False,88,5.6923076923076925,0.7016369741369741,0.007692307692307693,0.0,1.4153846153846155,False,False,False,normal,0.318827022209374,1.297824053331406,6,0.0978240533314061,BUFFERED
1.3.2,redundancy-compensated-pressure-routing,adaptive-025:bad,random,0.2,100,135,35,1.3409361868978853,1.35,6.0,0.5,12,6,True,1.0,5,105,79,26,False,77,4.311111111111111,0.6254438565549677,0.022222222222222223,0.014814814814814815,1.1481481481481481,False,False,False,bad,0.6062412459859022,1.3409361868978853,6,0.14093618689788534,BUFFERED
1.3.2,redundancy-compensated-pressure-routing,adaptive-025:very_bad,random,0.2,100,139,39,1.386328958350805,1.39,6.0,0.5,12,7,True,1.0,16,116,85,31,False,73,4.928057553956834,0.6712619514777788,0.02158273381294964,0.0,1.0,False,False,False,very_bad,0.9088597223387005,1.386328958350805,7,0.1863289583508051,STREAMING
1.3.2,redundancy-compensated-pressure-routing,adaptive-025:good,targeted,0.2,100,127,27,1.2679941543564943,1.27,6.0,0.5,12,5,True,1.0,5,105,83,22,False,86,4.4015748031496065,0.6578856620195203,0.031496062992125984,0.007874015748031496,1.7480314960629921,False,False,False,good,0.11996102904329567,1.2679941543564943,5,0.06799415435649436,BUFFERED
1.3.2,redundancy-compensated-pressure-routing,adaptive-025:normal,targeted,0.2,100,130,30,1.297824053331406,1.3,6.0,0.5,12,6,True,1.0,12,112,88,24,False,92,5.6923076923076925,0.7016369741369741,0.007692307692307693,0.0,2.1153846153846154,False,False,False,normal,0.318827022209374,1.297824053331406,6,0.0978240533314061,BUFFERED
1.3.2,redundancy-compensated-pressure-routing,adaptive-025:bad,targeted,0.2,100,135,35,1.3409361868978853,1.35,6.0,0.5,12,6,True,1.0,5,105,79,26,False,85,4.311111111111111,0.6254438565549677,0.022222222222222223,0.014814814814814815,1.8222222222222222,False,False,False,bad,0.6062412459859022,1.3409361868978853,6,0.14093618689788534,BUFFERED
1.3.2,redundancy-compensated-pressure-routing,adaptive-025:very_bad,targeted,0.2,100,139,39,1.386328958350805,1.39,6.0,0.5,12,7,True,1.0,16,116,85,31,False,100,4.928057553956834,0.6712619514777788,0.02158273381294964,0.0,1.9928057553956835,False,False,False,very_bad,0.9088597223387005,1.386328958350805,7,0.1863289583508051,STREAMING
1.3.2,redundancy-compensated-pressure-routing,adaptive-025:good,behavioral,0.2,100,127,27,1.2679941543564943,1.27,6.0,0.5,12,5,True,1.0,4,104,81,23,True,0,4.700787401574803,0.6492736703366625,0.06299212598425197,0.023622047244094488,0.0,False,False,False,good,0.11996102904329567,1.2679941543564943,5,0.06799415435649436,BUFFERED
1.3.2,redundancy-compensated-pressure-routing,adaptive-025:normal,behavioral,0.2,100,130,30,1.297824053331406,1.3,6.0,0.5,12,6,True,1.0,15,115,92,23,True,0,5.123076923076923,0.6902281052281052,0.038461538461538464,0.0,0.0,False,False,False,normal,0.318827022209374,1.297824053331406,6,0.0978240533314061,BUFFERED
1.3.2,redundancy-compensated-pressure-routing,adaptive-025:bad,behavioral,0.2,100,135,35,1.3409361868978853,1.35,6.0,0.5,12,6,True,1.0,10,110,81,29,True,0,4.651851851851852,0.6613601624712736,0.02962962962962963,0.037037037037037035,0.0,False,False,False,bad,0.6062412459859022,1.3409361868978853,6,0.14093618689788534,BUFFERED
1.3.2,redundancy-compensated-pressure-routing,adaptive-025:very_bad,behavioral,0.2,100,139,39,1.386328958350805,1.39,6.0,0.5,12,7,True,1.0,23,123,89,34,True,0,5.503597122302159,0.7172402337869964,0.1223021582733813,0.0,0.0,False,False,False,very_bad,0.9088597223387005,1.386328958350805,7,0.1863289583508051,STREAMING
1.3.2,redundancy-compensated-pressure-routing,adaptive-026:good,random,0.2,100,127,27,1.2606435795061393,1.27,6.0,0.5,12,5,True,1.0,12,112,89,23,False,86,5.322834645669292,0.7074016316142301,0.03937007874015748,0.007874015748031496,1.4251968503937007,False,False,False,good,0.07095719670759448,1.2606435795061393,5,0.060643579506139175,BUFFERED
1.3.2,redundancy-compensated-pressure-routing,adaptive-026:normal,random,0.2,100,131,31,1.3014464315662675,1.31,6.0,0.5,12,6,True,1.0,16,116,87,29,False,89,5.1603053435114505,0.70365404315786,0.007633587786259542,0.007633587786259542,1.381679389312977,False,False,False,normal,0.342976210441784,1.3014464315662675,6,0.10144643156626762,BUFFERED
1.3.2,redundancy-compensated-pressure-routing,adaptive-026:bad,random,0.2,100,135,35,1.3444543438912844,1.35,6.0,0.5,12,6,True,1.0,16,116,89,27,False,89,5.311111111111111,0.7039842873176206,0.037037037037037035,0.0,1.2148148148148148,False,False,False,bad,0.6296956259418968,1.3444543438912844,6,0.14445434389128453,STREAMING
1.3.2,redundancy-compensated-pressure-routing,adaptive-026:very_bad,random,0.2,100,139,39,1.3886287237214805,1.39,6.0,0.5,12,7,True,1.0,24,124,89,35,False,83,5.683453237410072,0.7267113581861784,0.06474820143884892,0.02158273381294964,1.3525179856115108,False,False,False,very_bad,0.9241914914765375,1.3886287237214805,7,0.18862872372148065,STREAMING
1.3.2,redundancy-compensated-pressure-routing,adaptive-026:good,targeted,0.2,100,127,27,1.2606435795061393,1.27,6.0,0.5,12,5,True,1.0,12,112,89,23,False,101,5.322834645669292,0.7074016316142301,0.03937007874015748,0.007874015748031496,2.15748031496063,False,False,False,good,0.07095719670759448,1.2606435795061393,5,0.060643579506139175,BUFFERED
1.3.2,redundancy-compensated-pressure-routing,adaptive-026:normal,targeted,0.2,100,131,31,1.3014464315662675,1.31,6.0,0.5,12,6,True,1.0,16,116,87,29,False,100,5.1603053435114505,0.70365404315786,0.007633587786259542,0.007633587786259542,2.1755725190839694,False,False,False,normal,0.342976210441784,1.3014464315662675,6,0.10144643156626762,BUFFERED
1.3.2,redundancy-compensated-pressure-routing,adaptive-026:bad,targeted,0.2,100,135,35,1.3444543438912844,1.35,6.0,0.5,12,6,True,1.0,16,116,89,27,False,97,5.311111111111111,0.7039842873176206,0.037037037037037035,0.0,2.0444444444444443,False,False,False,bad,0.6296956259418968,1.3444543438912844,6,0.14445434389128453,STREAMING
1.3.2,redundancy-compensated-pressure-routing,adaptive-026:very_bad,targeted,0.2,100,139,39,1.3886287237214805,1.39,6.0,0.5,12,7,True,1.0,24,124,89,35,False,107,5.683453237410072,0.7267113581861784,0.06474820143884892,0.02158273381294964,2.6115107913669067,False,False,False,very_bad,0.9241914914765375,1.3886287237214805,7,0.18862872372148065,STREAMING
1.3.2,redundancy-compensated-pressure-routing,adaptive-026:good,behavioral,0.2,100,127,27,1.2606435795061393,1.27,6.0,0.5,12,5,True,1.0,12,112,85,27,True,0,5.307086614173229,0.7101137925941076,0.05511811023622047,0.007874015748031496,0.0,False,False,False,good,0.07095719670759448,1.2606435795061393,5,0.060643579506139175,BUFFERED
1.3.2,redundancy-compensated-pressure-routing,adaptive-026:normal,behavioral,0.2,100,131,31,1.3014464315662675,1.31,6.0,0.5,12,6,True,1.0,12,112,86,26,True,0,5.213740458015267,0.6865737527951269,0.05343511450381679,0.030534351145038167,0.0,False,False,False,normal,0.342976210441784,1.3014464315662675,6,0.10144643156626762,BUFFERED
1.3.2,redundancy-compensated-pressure-routing,adaptive-026:bad,behavioral,0.2,100,135,35,1.3444543438912844,1.35,6.0,0.5,12,6,True,1.0,14,114,91,23,True,0,4.733333333333333,0.6818868579979691,0.02962962962962963,0.0,0.0,False,False,False,bad,0.6296956259418968,1.3444543438912844,6,0.14445434389128453,STREAMING
1.3.2,redundancy-compensated-pressure-routing,adaptive-026:very_bad,behavioral,0.2,100,139,39,1.3886287237214805,1.39,6.0,0.5,12,7,True,1.0,17,117,85,32,True,0,4.589928057553957,0.653591672116852,0.04316546762589928,0.03597122302158273,0.0,False,False,False,very_bad,0.9241914914765375,1.3886287237214805,7,0.18862872372148065,STREAMING
1.3.2,redundancy-compensated-pressure-routing,adaptive-027:good,random,0.2,100,127,27,1.2668639650823639,1.27,6.0,0.5,12,5,True,1.0,9,109,85,24,False,78,5.125984251968504,0.6989666064469214,0.05511811023622047,0.031496062992125984,1.0866141732283465,False,False,False,good,0.11242643388242612,1.2668639650823639,5,0.06686396508236392,BUFFERED
1.3.2,redundancy-compensated-pressure-routing,adaptive-027:normal,random,0.2,100,131,31,1.3048618981480335,1.31,6.0,0.5,12,6,True,1.0,10,110,84,26,False,84,4.99236641221374,0.6720773713140126,0.015267175572519083,0.0,1.3053435114503817,False,False,False,normal,0.3657459876535567,1.3048618981480335,6,0.10486189814803351,BUFFERED
1.3.2,redundancy-compensated-pressure-routing,adaptive-027:bad,random,0.2,100,135,35,1.3483695578132917,1.35,6.0,0.5,12,6,True,1.0,17,117,87,30,False,88,4.7555555555555555,0.6777010849233072,0.014814814814814815,0.0,1.4370370370370371,False,False,False,bad,0.655797052088612,1.3483695578132917,6,0.1483695578132918,STREAMING
1.3.2,redundancy-compensated-pressure-routing,adaptive-027:very_bad,random,0.2,100,139,39,1.3840542254935668,1.39,6.0,0.5,12,7,True,1.0,20,120,85,35,False,73,4.633093525179856,0.6727233797377682,0.007194244604316547,0.0,0.8848920863309353,False,False,False,very_bad,0.8936948366237791,1.3840542254935668,7,0.18405422549356687,STREAMING
1.3.2,redundancy-compensated-pressure-routing,adaptive-027:good,targeted,0.2,100,127,27,1.2668639650823639,1.27,6.0,0.5,12,5,True,1.0,9,109,85,24,False,95,5.125984251968504,0.6989666064469214,0.05511811023622047,0.031496062992125984,2.1496062992125986,False,False,False,good,0.11242643388242612,1.2668639650823639,5,0.06686396508236392,BUFFERED
1.3.2,redundancy-compensated-pressure-routing,adaptive-027:normal,targeted,0.2,100,131,31,1.3048618981480335,1.31,6.0,0.5,12,6,True,1.0,10,110,84,26,False,92,4.99236641221374,0.6720773713140126,0.015267175572519083,0.0,2.2900763358778624,False,False,False,normal,0.3657459876535567,1.3048618981480335,6,0.10486189814803351,BUFFERED
1.3.2,redundancy-compensated-pressure-routing,adaptive-027:bad,targeted,0.2,100,135,35,1.3483695578132917,1.35,6.0,0.5,12,6,True,1.0,17,117,87,30,False,103,4.7555555555555555,0.6777010849233072,0.014814814814814815,0.0,2.051851851851852,False,False,False,bad,0.655797052088612,1.3483695578132917,6,0.1483695578132918,STREAMING
1.3.2,redundancy-compensated-pressure-routing,adaptive-027:very_bad,targeted,0.2,100,139,39,1.3840542254935668,1.39,6.0,0.5,12,7,True,1.0,20,120,85,35,False,103,4.633093525179856,0.6727233797377682,0.007194244604316547,0.0,1.9424460431654675,False,False,False,very_bad,0.8936948366237791,1.3840542254935668,7,0.18405422549356687,STREAMING
1.3.2,redundancy-compensated-pressure-routing,adaptive-027:good,behavioral,0.2,100,127,27,1.2668639650823639,1.27,6.0,0.5,12,5,True,1.0,4,104,81,23,True,0,4.755905511811024,0.6573479451432207,0.06299212598425197,0.031496062992125984,0.0,False,False,False,good,0.11242643388242612,1.2668639650823639,5,0.06686396508236392,BUFFERED
1.3.2,redundancy-compensated-pressure-routing,adaptive-027:normal,behavioral,0.2,100,131,31,1.3048618981480335,1.31,6.0,0.5,12,6,True,1.0,10,110,84,26,True,0,5.061068702290076,0.6765046870008702,0.07633587786259542,0.015267175572519083,0.0,False,False,False,normal,0.3657459876535567,1.3048618981480335,6,0.10486189814803351,BUFFERED
1.3.2,redundancy-compensated-pressure-routing,adaptive-027:bad,behavioral,0.2,100,135,35,1.3483695578132917,1.35,6.0,0.5,12,6,True,1.0,13,113,80,33,True,0,4.45925925925926,0.6349516327294105,0.06666666666666667,0.0,0.0,False,False,False,bad,0.655797052088612,1.3483695578132917,6,0.1483695578132918,STREAMING
1.3.2,redundancy-compensated-pressure-routing,adaptive-027:very_bad,behavioral,0.2,100,139,39,1.3840542254935668,1.39,6.0,0.5,12,7,True,1.0,15,115,79,36,True,0,4.503597122302159,0.6558939861098134,0.06474820143884892,0.02877697841726619,0.0,False,False,False,very_bad,0.8936948366237791,1.3840542254935668,7,0.18405422549356687,STREAMING
1.3.2,redundancy-compensated-pressure-routing,adaptive-028:good,random,0.2,100,127,27,1.2662243220607923,1.27,6.0,0.5,12,5,True,1.0,4,104,82,22,False,76,4.456692913385827,0.6439802979173058,0.03937007874015748,0.0,1.3228346456692914,False,False,False,good,0.10816214707194878,1.2662243220607923,5,0.06622432206079232,BUFFERED
1.3.2,redundancy-compensated-pressure-routing,adaptive-028:normal,random,0.2,100,131,31,1.3066970136439362,1.31,6.0,0.5,12,6,True,1.0,16,116,89,27,False,75,5.137404580152672,0.7072598944736349,0.015267175572519083,0.0,1.0610687022900764,False,False,False,normal,0.377980090959575,1.3066970136439362,6,0.10669701364393627,BUFFERED
1.3.2,redundancy-compensated-pressure-routing,adaptive-028:bad,random,0.2,100,135,35,1.344663851707851,1.35,6.0,0.5,12,6,True,1.0,20,120,89,31,False,95,4.970370370370371,0.6930906953129176,0.02962962962962963,0.014814814814814815,1.5925925925925926,False,False,False,bad,0.6310923447190068,1.344663851707851,6,0.14466385170785104,BUFFERED
1.3.2,redundancy-compensated-pressure-routing,adaptive-028:very_bad,random,0.2,100,139,39,1.3848572958262246,1.39,6.0,0.5,12,7,True,1.0,11,111,80,31,False,85,5.309352517985611,0.6594885130856354,0.02877697841726619,0.07194244604316546,1.2877697841726619,False,False,False,very_bad,0.8990486388414979,1.3848572958262246,7,0.18485729582622473,STREAMING
1.3.2,redundancy-compensated-pressure-routing,adaptive-028:good,targeted,0.2,100,127,27,1.2662243220607923,1.27,6.0,0.5,12,5,True,1.0,4,104,82,22,False,81,4.456692913385827,0.6439802979173058,0.03937007874015748,0.0,1.7244094488188977,False,False,False,good,0.10816214707194878,1.2662243220607923,5,0.06622432206079232,BUFFERED
1.3.2,redundancy-compensated-pressure-routing,adaptive-028:normal,targeted,0.2,100,131,31,1.3066970136439362,1.31,6.0,0.5,12,6,True,1.0,16,116,89,27,False,93,5.137404580152672,0.7072598944736349,0.015267175572519083,0.0,1.9465648854961832,False,False,False,normal,0.377980090959575,1.3066970136439362,6,0.10669701364393627,BUFFERED
1.3.2,redundancy-compensated-pressure-routing,adaptive-028:bad,targeted,0.2,100,135,35,1.344663851707851,1.35,6.0,0.5,12,6,True,1.0,20,120,89,31,False,101,4.970370370370371,0.6930906953129176,0.02962962962962963,0.014814814814814815,2.140740740740741,False,False,False,bad,0.6310923447190068,1.344663851707851,6,0.14466385170785104,BUFFERED
1.3.2,redundancy-compensated-pressure-routing,adaptive-028:very_bad,targeted,0.2,100,139,39,1.3848572958262246,1.39,6.0,0.5,12,7,True,1.0,11,111,80,31,False,101,5.309352517985611,0.6594885130856354,0.02877697841726619,0.07194244604316546,2.129496402877698,False,False,False,very_bad,0.8990486388414979,1.3848572958262246,7,0.18485729582622473,STREAMING
1.3.2,redundancy-compensated-pressure-routing,adaptive-028:good,behavioral,0.2,100,127,27,1.2662243220607923,1.27,6.0,0.5,12,5,True,1.0,2,102,80,22,True,0,4.480314960629921,0.628726522821011,0.031496062992125984,0.007874015748031496,0.0,False,False,False,good,0.10816214707194878,1.2662243220607923,5,0.06622432206079232,BUFFERED
1.3.2,redundancy-compensated-pressure-routing,adaptive-028:normal,behavioral,0.2,100,131,31,1.3066970136439362,1.31,6.0,0.5,12,6,True,1.0,15,115,86,29,True,0,5,0.6898686978839651,0.007633587786259542,0.0,0.0,False,False,False,normal,0.377980090959575,1.3066970136439362,6,0.10669701364393627,BUFFERED
1.3.2,redundancy-compensated-pressure-routing,adaptive-028:bad,behavioral,0.2,100,135,35,1.344663851707851,1.35,6.0,0.5,12,6,True,1.0,20,120,88,32,True,0,5.007407407407407,0.700063064507509,0.02962962962962963,0.014814814814814815,0.0,False,False,False,bad,0.6310923447190068,1.344663851707851,6,0.14466385170785104,BUFFERED
1.3.2,redundancy-compensated-pressure-routing,adaptive-028:very_bad,behavioral,0.2,100,139,39,1.3848572958262246,1.39,6.0,0.5,12,7,True,1.0,12,112,81,31,True,0,4.748201438848921,0.6544413819593675,0.03597122302158273,0.07194244604316546,0.0,False,False,False,very_bad,0.8990486388414979,1.3848572958262246,7,0.18485729582622473,STREAMING
1.3.2,redundancy-compensated-pressure-routing,adaptive-029:good,random,0.2,100,127,27,1.267250220683671,1.27,6.0,0.5,12,5,True,1.0,6,106,83,23,False,79,5.165354330708661,0.6753709763552284,0.031496062992125984,0.03937007874015748,1.3779527559055118,False,False,False,good,0.11500147122447413,1.267250220683671,5,0.06725022068367112,BUFFERED
1.3.2,redundancy-compensated-pressure-routing,adaptive-029:normal,random,0.2,100,130,30,1.298683323132045,1.3,6.0,0.5,12,6,True,1.0,4,104,80,24,False,65,4.161538461538462,0.621922521922522,0.015384615384615385,0.038461538461538464,0.9846153846153847,False,False,False,normal,0.3245554875469663,1.298683323132045,6,0.09868332313204495,BUFFERED
1.3.2,redundancy-compensated-pressure-routing,adaptive-029:bad,random,0.2,100,135,35,1.3457793982090904,1.35,6.0,0.5,12,6,True,1.0,12,112,83,29,False,82,4.9185185185185185,0.661616428838651,0.044444444444444446,0.0,1.362962962962963,False,False,False,bad,0.6385293213939363,1.3457793982090904,6,0.14577939820909047,BUFFERED
1.3.2,redundancy-compensated-pressure-routing,adaptive-029:very_bad,random,0.2,100,140,40,1.3920520137948105,1.4,6.0,0.5,12,7,True,1.0,26,126,90,36,False,89,5.514285714285714,0.7375811688311689,0.014285714285714285,0.0,1.3357142857142856,False,False,False,very_bad,0.9470134252987368,1.3920520137948105,7,0.19205201379481052,STREAMING
1.3.2,redundancy-compensated-pressure-routing,adaptive-029:good,targeted,0.2,100,127,27,1.267250220683671,1.27,6.0,0.5,12,5,True,1.0,6,106,83,23,False,88,5.165354330708661,0.6753709763552284,0.031496062992125984,0.03937007874015748,2.062992125984252,False,False,False,good,0.11500147122447413,1.267250220683671,5,0.06725022068367112,BUFFERED
1.3.2,redundancy-compensated-pressure-routing,adaptive-029:normal,targeted,0.2,100,130,30,1.298683323132045,1.3,6.0,0.5,12,6,True,1.0,4,104,80,24,False,94,4.161538461538462,0.621922521922522,0.015384615384615385,0.038461538461538464,1.7538461538461538,False,False,False,normal,0.3245554875469663,1.298683323132045,6,0.09868332313204495,BUFFERED
1.3.2,redundancy-compensated-pressure-routing,adaptive-029:bad,targeted,0.2,100,135,35,1.3457793982090904,1.35,6.0,0.5,12,6,True,1.0,12,112,83,29,False,95,4.9185185185185185,0.661616428838651,0.044444444444444446,0.0,2.022222222222222,False,False,False,bad,0.6385293213939363,1.3457793982090904,6,0.14577939820909047,BUFFERED
1.3.2,redundancy-compensated-pressure-routing,adaptive-029:very_bad,targeted,0.2,100,140,40,1.3920520137948105,1.4,6.0,0.5,12,7,True,1.0,26,126,90,36,False,105,5.514285714285714,0.7375811688311689,0.014285714285714285,0.0,2.0,False,False,False,very_bad,0.9470134252987368,1.3920520137948105,7,0.19205201379481052,STREAMING
1.3.2,redundancy-compensated-pressure-routing,adaptive-029:good,behavioral,0.2,100,127,27,1.267250220683671,1.27,6.0,0.5,12,5,True,1.0,1,101,80,21,True,0,4.905511811023622,0.6478948654145504,0.031496062992125984,0.06299212598425197,0.0,False,False,False,good,0.11500147122447413,1.267250220683671,5,0.06725022068367112,BUFFERED
1.3.2,redundancy-compensated-pressure-routing,adaptive-029:normal,behavioral,0.2,100,130,30,1.298683323132045,1.3,6.0,0.5,12,6,True,1.0,6,106,83,23,True,0,4.746153846153846,0.653420745920746,0.038461538461538464,0.038461538461538464,0.0,False,False,False,normal,0.3245554875469663,1.298683323132045,6,0.09868332313204495,BUFFERED
1.3.2,redundancy-compensated-pressure-routing,adaptive-029:bad,behavioral,0.2,100,135,35,1.3457793982090904,1.35,6.0,0.5,12,6,True,1.0,17,117,85,32,True,0,4.503703703703704,0.662150606595051,0.044444444444444446,0.0,0.0,False,False,False,bad,0.6385293213939363,1.3457793982090904,6,0.14577939820909047,BUFFERED
1.3.2,redundancy-compensated-pressure-routing,adaptive-029:very_bad,behavioral,0.2,100,140,40,1.3920520137948105,1.4,6.0,0.5,12,7,True,1.0,22,122,88,34,True,0,5.035714285714286,0.7005179344465059,0.03571428571428571,0.0,0.0,False,False,False,very_bad,0.9470134252987368,1.3920520137948105,7,0.19205201379481052,STREAMING
