schema_version,experiment,seed,source,target,condition_type,compromise_fraction,compromised_node_count,total_node_count,edge_count,route_count,fractal_id,pre_reset_epochs,pre_alarm_path_count,post_candidate_count,policy,path_count,post_reset_path_distance_from_pre_alarm,continuity_retention_vs_lemonade,state_break_distance,state_continuity_score,lane_collapse_rate,path_overlap,unique_path_ratio,clean_path_ratio,path_compromise_rate,mean_compromised_nodes_per_path,mean_node_score_risk_per_path,mean_raw_node_score_per_path,healthy_node_ratio,mean_degradation_risk_per_path,delta,success_continuity_retention,success_node_score_risk_reduced,success_degradation_risk_reduced,success_candidate
1.2.0,local-degradation-aware-lemonade-reselection,pilot-000,n4,n54,random,0.2,20,100,250,3,36,5,1,1,lemonade_reset,1,0.0,0.0,0.484375,0.515625,0.0,0.0,1.0,0.0,1.0,1.0,0.375,2.5,0.0,0.5279378980271141,,True,False,False,False
1.2.0,local-degradation-aware-lemonade-reselection,pilot-000,n4,n54,random,0.2,20,100,250,3,36,5,1,1,node_score_aware_delta_0.90,1,0.0,0.0,0.44140625,0.55859375,0.0,0.0,1.0,0.0,1.0,1.0,0.375,2.5,0.0,0.5279378980271141,0.9,False,False,False,False
1.2.0,local-degradation-aware-lemonade-reselection,pilot-000,n4,n54,random,0.2,20,100,250,3,36,5,1,1,degradation_aware_delta_0.90,1,0.0,0.0,0.47265625,0.52734375,0.0,0.0,1.0,0.0,1.0,1.0,0.375,2.5,0.0,0.5279378980271141,0.9,False,False,False,False
1.2.0,local-degradation-aware-lemonade-reselection,pilot-000,n4,n54,random,0.2,20,100,250,3,36,5,1,1,degradation_aware_delta_0.85,1,0.0,0.0,0.4765625,0.5234375,0.0,0.0,1.0,0.0,1.0,1.0,0.375,2.5,0.0,0.5279378980271141,0.85,False,False,False,False
1.2.0,local-degradation-aware-lemonade-reselection,pilot-000,n4,n54,random,0.2,20,100,250,3,36,5,1,1,degradation_aware_delta_0.80,1,0.0,0.0,0.44921875,0.55078125,0.0,0.0,1.0,0.0,1.0,1.0,0.375,2.5,0.0,0.5279378980271141,0.8,False,False,False,False
1.2.0,local-degradation-aware-lemonade-reselection,pilot-000,n4,n54,targeted,0.2,20,100,250,3,36,5,1,1,lemonade_reset,1,0.0,0.0,0.484375,0.515625,0.0,0.0,1.0,0.0,1.0,1.0,0.375,2.5,0.0,0.5279378980271141,,True,False,False,False
1.2.0,local-degradation-aware-lemonade-reselection,pilot-000,n4,n54,targeted,0.2,20,100,250,3,36,5,1,1,node_score_aware_delta_0.90,1,0.0,0.0,0.44140625,0.55859375,0.0,0.0,1.0,0.0,1.0,1.0,0.375,2.5,0.0,0.5279378980271141,0.9,False,False,False,False
1.2.0,local-degradation-aware-lemonade-reselection,pilot-000,n4,n54,targeted,0.2,20,100,250,3,36,5,1,1,degradation_aware_delta_0.90,1,0.0,0.0,0.47265625,0.52734375,0.0,0.0,1.0,0.0,1.0,1.0,0.375,2.5,0.0,0.5279378980271141,0.9,False,False,False,False
1.2.0,local-degradation-aware-lemonade-reselection,pilot-000,n4,n54,targeted,0.2,20,100,250,3,36,5,1,1,degradation_aware_delta_0.85,1,0.0,0.0,0.4765625,0.5234375,0.0,0.0,1.0,0.0,1.0,1.0,0.375,2.5,0.0,0.5279378980271141,0.85,False,False,False,False
1.2.0,local-degradation-aware-lemonade-reselection,pilot-000,n4,n54,targeted,0.2,20,100,250,3,36,5,1,1,degradation_aware_delta_0.80,1,0.0,0.0,0.44921875,0.55078125,0.0,0.0,1.0,0.0,1.0,1.0,0.375,2.5,0.0,0.5279378980271141,0.8,False,False,False,False
1.2.0,local-degradation-aware-lemonade-reselection,pilot-000,n4,n54,behavioral,0.2,0,100,250,3,36,5,1,1,lemonade_reset,1,0.0,0.0,0.484375,0.515625,0.0,0.0,1.0,1.0,0.0,0.0,0.375,2.5,0.0,0.5279378980271141,,True,False,False,False
1.2.0,local-degradation-aware-lemonade-reselection,pilot-000,n4,n54,behavioral,0.2,0,100,250,3,36,5,1,1,node_score_aware_delta_0.90,1,0.0,0.0,0.44140625,0.55859375,0.0,0.0,1.0,1.0,0.0,0.0,0.375,2.5,0.0,0.5279378980271141,0.9,False,False,False,False
1.2.0,local-degradation-aware-lemonade-reselection,pilot-000,n4,n54,behavioral,0.2,0,100,250,3,36,5,1,1,degradation_aware_delta_0.90,1,0.0,0.0,0.47265625,0.52734375,0.0,0.0,1.0,1.0,0.0,0.0,0.375,2.5,0.0,0.5279378980271141,0.9,False,False,False,False
1.2.0,local-degradation-aware-lemonade-reselection,pilot-000,n4,n54,behavioral,0.2,0,100,250,3,36,5,1,1,degradation_aware_delta_0.85,1,0.0,0.0,0.4765625,0.5234375,0.0,0.0,1.0,1.0,0.0,0.0,0.375,2.5,0.0,0.5279378980271141,0.85,False,False,False,False
1.2.0,local-degradation-aware-lemonade-reselection,pilot-000,n4,n54,behavioral,0.2,0,100,250,3,36,5,1,1,degradation_aware_delta_0.80,1,0.0,0.0,0.44921875,0.55078125,0.0,0.0,1.0,1.0,0.0,0.0,0.375,2.5,0.0,0.5279378980271141,0.8,False,False,False,False
1.2.0,local-degradation-aware-lemonade-reselection,pilot-001,n89,n84,random,0.2,20,100,241,3,36,5,3,12,lemonade_reset,3,0.9814814814814815,1.0,0.49609375,0.50390625,0.0,0.030303030303030304,1.0,0.0,1.0,2.0,0.1457236842105263,0.9093023255813953,0.5348837209302325,0.3681173206033581,,True,False,False,False
1.2.0,local-degradation-aware-lemonade-reselection,pilot-001,n89,n84,random,0.2,20,100,241,3,36,5,3,12,node_score_aware_delta_0.90,3,0.9895833333333334,1.008254716981132,0.5013020833333334,0.49869791666666663,0.0,0.06060606060606061,1.0,0.3333333333333333,0.6666666666666666,1.0,0.1461309523809524,0.8894736842105262,0.5263157894736842,0.36409805163385656,0.9,True,False,True,False
1.2.0,local-degradation-aware-lemonade-reselection,pilot-001,n89,n84,random,0.2,20,100,241,3,36,5,3,12,degradation_aware_delta_0.90,3,0.9895833333333334,1.008254716981132,0.5078125,0.4921875,0.0,0.06060606060606061,1.0,0.3333333333333333,0.6666666666666666,1.0,0.1461309523809524,0.8894736842105262,0.5263157894736842,0.36409805163385656,0.9,True,False,True,False
1.2.0,local-degradation-aware-lemonade-reselection,pilot-001,n89,n84,random,0.2,20,100,241,3,36,5,3,12,degradation_aware_delta_0.85,3,0.9814814814814815,1.0,0.4700520833333333,0.5299479166666667,0.0,0.030303030303030304,1.0,0.0,1.0,2.0,0.1457236842105263,0.9093023255813953,0.5348837209302325,0.3681173206033581,0.85,True,False,False,False
1.2.0,local-degradation-aware-lemonade-reselection,pilot-001,n89,n84,random,0.2,20,100,241,3,36,5,3,12,degradation_aware_delta_0.80,3,0.9895833333333334,1.008254716981132,0.50390625,0.49609375,0.0,0.09523809523809523,1.0,0.3333333333333333,0.6666666666666666,1.0,0.1548115079365079,0.9647058823529411,0.5,0.39095311980423086,0.8,True,False,False,False
1.2.0,local-degradation-aware-lemonade-reselection,pilot-001,n89,n84,targeted,0.2,20,100,241,3,36,5,3,12,lemonade_reset,3,0.9814814814814815,1.0,0.49609375,0.50390625,0.0,0.030303030303030304,1.0,0.0,1.0,4.666666666666667,0.1457236842105263,0.9093023255813953,0.5348837209302325,0.3681173206033581,,True,False,False,False
1.2.0,local-degradation-aware-lemonade-reselection,pilot-001,n89,n84,targeted,0.2,20,100,241,3,36,5,3,12,node_score_aware_delta_0.90,3,0.9895833333333334,1.008254716981132,0.5013020833333334,0.49869791666666663,0.0,0.06060606060606061,1.0,0.0,1.0,4.666666666666667,0.1461309523809524,0.8894736842105262,0.5263157894736842,0.36409805163385656,0.9,True,False,True,False
1.2.0,local-degradation-aware-lemonade-reselection,pilot-001,n89,n84,targeted,0.2,20,100,241,3,36,5,3,12,degradation_aware_delta_0.90,3,0.9895833333333334,1.008254716981132,0.5078125,0.4921875,0.0,0.06060606060606061,1.0,0.0,1.0,4.666666666666667,0.1461309523809524,0.8894736842105262,0.5263157894736842,0.36409805163385656,0.9,True,False,True,False
1.2.0,local-degradation-aware-lemonade-reselection,pilot-001,n89,n84,targeted,0.2,20,100,241,3,36,5,3,12,degradation_aware_delta_0.85,3,0.9814814814814815,1.0,0.4700520833333333,0.5299479166666667,0.0,0.030303030303030304,1.0,0.0,1.0,4.666666666666667,0.1457236842105263,0.9093023255813953,0.5348837209302325,0.3681173206033581,0.85,True,False,False,False
1.2.0,local-degradation-aware-lemonade-reselection,pilot-001,n89,n84,targeted,0.2,20,100,241,3,36,5,3,12,degradation_aware_delta_0.80,3,0.9895833333333334,1.008254716981132,0.50390625,0.49609375,0.0,0.09523809523809523,1.0,0.0,1.0,4.333333333333333,0.1548115079365079,0.9647058823529411,0.5,0.39095311980423086,0.8,True,False,False,False
1.2.0,local-degradation-aware-lemonade-reselection,pilot-001,n89,n84,behavioral,0.2,0,100,241,3,36,5,3,12,lemonade_reset,3,0.9814814814814815,1.0,0.49609375,0.50390625,0.0,0.030303030303030304,1.0,1.0,0.0,0.0,0.1457236842105263,0.9093023255813953,0.5348837209302325,0.3681173206033581,,True,False,False,False
1.2.0,local-degradation-aware-lemonade-reselection,pilot-001,n89,n84,behavioral,0.2,0,100,241,3,36,5,3,12,node_score_aware_delta_0.90,3,0.9895833333333334,1.008254716981132,0.5013020833333334,0.49869791666666663,0.0,0.06060606060606061,1.0,1.0,0.0,0.0,0.1461309523809524,0.8894736842105262,0.5263157894736842,0.36409805163385656,0.9,True,False,True,False
1.2.0,local-degradation-aware-lemonade-reselection,pilot-001,n89,n84,behavioral,0.2,0,100,241,3,36,5,3,12,degradation_aware_delta_0.90,3,0.9895833333333334,1.008254716981132,0.5078125,0.4921875,0.0,0.06060606060606061,1.0,1.0,0.0,0.0,0.1461309523809524,0.8894736842105262,0.5263157894736842,0.36409805163385656,0.9,True,False,True,False
1.2.0,local-degradation-aware-lemonade-reselection,pilot-001,n89,n84,behavioral,0.2,0,100,241,3,36,5,3,12,degradation_aware_delta_0.85,3,0.9814814814814815,1.0,0.4700520833333333,0.5299479166666667,0.0,0.030303030303030304,1.0,1.0,0.0,0.0,0.1457236842105263,0.9093023255813953,0.5348837209302325,0.3681173206033581,0.85,True,False,False,False
1.2.0,local-degradation-aware-lemonade-reselection,pilot-001,n89,n84,behavioral,0.2,0,100,241,3,36,5,3,12,degradation_aware_delta_0.80,3,0.9895833333333334,1.008254716981132,0.50390625,0.49609375,0.0,0.09523809523809523,1.0,1.0,0.0,0.0,0.1548115079365079,0.9647058823529411,0.5,0.39095311980423086,0.8,True,False,False,False
1.2.0,local-degradation-aware-lemonade-reselection,pilot-002,n71,n8,random,0.2,20,100,246,3,36,5,3,12,lemonade_reset,3,0.8854700854700855,1.0,0.515625,0.484375,0.0,0.13333333333333333,1.0,0.0,1.0,3.6666666666666665,0.22579656862745098,0.875,0.3958333333333333,0.42769229030181716,,True,False,False,False
1.2.0,local-degradation-aware-lemonade-reselection,pilot-002,n71,n8,random,0.2,20,100,246,3,36,5,3,12,node_score_aware_delta_0.90,3,0.8488888888888889,0.9586872586872587,0.4752604166666667,0.5247395833333333,0.0,0.07675438596491228,1.0,0.0,1.0,3.3333333333333335,0.17392094017094017,0.8418181818181818,0.4909090909090909,0.43051612661226707,0.9,True,True,False,False
1.2.0,local-degradation-aware-lemonade-reselection,pilot-002,n71,n8,random,0.2,20,100,246,3,36,5,3,12,degradation_aware_delta_0.90,3,0.8514619883040936,0.9615931721194878,0.5104166666666666,0.48958333333333337,0.0,0.13333333333333333,1.0,0.0,1.0,2.6666666666666665,0.20176767676767673,0.7999999999999999,0.5,0.41817028187003197,0.9,True,True,True,True
1.2.0,local-degradation-aware-lemonade-reselection,pilot-002,n71,n8,random,0.2,20,100,246,3,36,5,3,12,degradation_aware_delta_0.85,3,0.8670175438596491,0.9791607396870554,0.48046875,0.51953125,0.0,0.05263157894736842,1.0,0.0,1.0,3.6666666666666665,0.16051767676767678,0.7483870967741936,0.5161290322580645,0.4208696202530216,0.85,True,True,True,True
1.2.0,local-degradation-aware-lemonade-reselection,pilot-002,n71,n8,random,0.2,20,100,246,3,36,5,3,12,degradation_aware_delta_0.80,3,0.8377777777777778,0.9461389961389961,0.5104166666666666,0.48958333333333337,0.0,0.13333333333333333,1.0,0.0,1.0,2.3333333333333335,0.18097222222222223,1.2314285714285715,0.4857142857142857,0.4287137060077271,0.8,True,True,False,False
1.2.0,local-degradation-aware-lemonade-reselection,pilot-002,n71,n8,targeted,0.2,20,100,246,3,36,5,3,12,lemonade_reset,3,0.8854700854700855,1.0,0.515625,0.484375,0.0,0.13333333333333333,1.0,0.0,1.0,3.6666666666666665,0.22579656862745098,0.875,0.3958333333333333,0.42769229030181716,,True,False,False,False
1.2.0,local-degradation-aware-lemonade-reselection,pilot-002,n71,n8,targeted,0.2,20,100,246,3,36,5,3,12,node_score_aware_delta_0.90,3,0.8488888888888889,0.9586872586872587,0.4752604166666667,0.5247395833333333,0.0,0.07675438596491228,1.0,0.0,1.0,4.0,0.17392094017094017,0.8418181818181818,0.4909090909090909,0.43051612661226707,0.9,True,True,False,False
1.2.0,local-degradation-aware-lemonade-reselection,pilot-002,n71,n8,targeted,0.2,20,100,246,3,36,5,3,12,degradation_aware_delta_0.90,3,0.8514619883040936,0.9615931721194878,0.5104166666666666,0.48958333333333337,0.0,0.13333333333333333,1.0,0.0,1.0,4.666666666666667,0.20176767676767673,0.7999999999999999,0.5,0.41817028187003197,0.9,True,True,True,True
1.2.0,local-degradation-aware-lemonade-reselection,pilot-002,n71,n8,targeted,0.2,20,100,246,3,36,5,3,12,degradation_aware_delta_0.85,3,0.8670175438596491,0.9791607396870554,0.48046875,0.51953125,0.0,0.05263157894736842,1.0,0.0,1.0,5.333333333333333,0.16051767676767678,0.7483870967741936,0.5161290322580645,0.4208696202530216,0.85,True,True,True,True
1.2.0,local-degradation-aware-lemonade-reselection,pilot-002,n71,n8,targeted,0.2,20,100,246,3,36,5,3,12,degradation_aware_delta_0.80,3,0.8377777777777778,0.9461389961389961,0.5104166666666666,0.48958333333333337,0.0,0.13333333333333333,1.0,0.0,1.0,2.3333333333333335,0.18097222222222223,1.2314285714285715,0.4857142857142857,0.4287137060077271,0.8,True,True,False,False
1.2.0,local-degradation-aware-lemonade-reselection,pilot-002,n71,n8,behavioral,0.2,0,100,246,3,36,5,3,12,lemonade_reset,3,0.8854700854700855,1.0,0.515625,0.484375,0.0,0.13333333333333333,1.0,1.0,0.0,0.0,0.22579656862745098,0.875,0.3958333333333333,0.42769229030181716,,True,False,False,False
1.2.0,local-degradation-aware-lemonade-reselection,pilot-002,n71,n8,behavioral,0.2,0,100,246,3,36,5,3,12,node_score_aware_delta_0.90,3,0.8488888888888889,0.9586872586872587,0.4752604166666667,0.5247395833333333,0.0,0.07675438596491228,1.0,1.0,0.0,0.0,0.17392094017094017,0.8418181818181818,0.4909090909090909,0.43051612661226707,0.9,True,True,False,False
1.2.0,local-degradation-aware-lemonade-reselection,pilot-002,n71,n8,behavioral,0.2,0,100,246,3,36,5,3,12,degradation_aware_delta_0.90,3,0.8514619883040936,0.9615931721194878,0.5104166666666666,0.48958333333333337,0.0,0.13333333333333333,1.0,1.0,0.0,0.0,0.20176767676767673,0.7999999999999999,0.5,0.41817028187003197,0.9,True,True,True,True
1.2.0,local-degradation-aware-lemonade-reselection,pilot-002,n71,n8,behavioral,0.2,0,100,246,3,36,5,3,12,degradation_aware_delta_0.85,3,0.8670175438596491,0.9791607396870554,0.48046875,0.51953125,0.0,0.05263157894736842,1.0,1.0,0.0,0.0,0.16051767676767678,0.7483870967741936,0.5161290322580645,0.4208696202530216,0.85,True,True,True,True
1.2.0,local-degradation-aware-lemonade-reselection,pilot-002,n71,n8,behavioral,0.2,0,100,246,3,36,5,3,12,degradation_aware_delta_0.80,3,0.8377777777777778,0.9461389961389961,0.5104166666666666,0.48958333333333337,0.0,0.13333333333333333,1.0,1.0,0.0,0.0,0.18097222222222223,1.2314285714285715,0.4857142857142857,0.4287137060077271,0.8,True,True,False,False
1.2.0,local-degradation-aware-lemonade-reselection,pilot-003,n60,n22,random,0.2,20,100,290,3,36,5,3,12,lemonade_reset,3,0.9444444444444445,1.0,0.48828125,0.51171875,0.0,0.0,1.0,0.3333333333333333,0.6666666666666666,1.6666666666666667,0.19496082621082622,0.8846153846153846,0.38461538461538464,0.4120991209446984,,True,False,False,False
1.2.0,local-degradation-aware-lemonade-reselection,pilot-003,n60,n22,random,0.2,20,100,290,3,36,5,3,12,node_score_aware_delta_0.90,3,0.9607843137254902,1.0173010380622838,0.5065104166666666,0.49348958333333337,0.0,0.0,1.0,0.6666666666666666,0.3333333333333333,0.6666666666666666,0.16185185185185183,1.2052631578947368,0.42105263157894735,0.35539180572389056,0.9,True,True,True,False
1.2.0,local-degradation-aware-lemonade-reselection,pilot-003,n60,n22,random,0.2,20,100,290,3,36,5,3,12,degradation_aware_delta_0.90,3,0.9895833333333334,1.0477941176470589,0.5442708333333334,0.45572916666666663,0.0,0.08333333333333333,1.0,0.3333333333333333,0.6666666666666666,2.0,0.16185185185185183,0.8454545454545455,0.5151515151515151,0.38909368622170915,0.9,True,True,True,True
1.2.0,local-degradation-aware-lemonade-reselection,pilot-003,n60,n22,random,0.2,20,100,290,3,36,5,3,12,degradation_aware_delta_0.85,3,0.9595588235294118,1.0160034602076125,0.4752604166666667,0.5247395833333333,0.0,0.0,1.0,0.6666666666666666,0.3333333333333333,0.6666666666666666,0.17560185185185184,1.2666666666666666,0.3888888888888889,0.35018466677604265,0.85,True,True,True,True
1.2.0,local-degradation-aware-lemonade-reselection,pilot-003,n60,n22,random,0.2,20,100,290,3,36,5,3,12,degradation_aware_delta_0.80,3,0.9666666666666667,1.0235294117647058,0.4934895833333333,0.5065104166666667,0.0,0.041666666666666664,1.0,0.3333333333333333,0.6666666666666666,1.3333333333333333,0.1521494708994709,0.8777777777777778,0.5555555555555556,0.40172693295377293,0.8,True,True,True,True
1.2.0,local-degradation-aware-lemonade-reselection,pilot-003,n60,n22,targeted,0.2,20,100,290,3,36,5,3,12,lemonade_reset,3,0.9444444444444445,1.0,0.48828125,0.51171875,0.0,0.0,1.0,0.3333333333333333,0.6666666666666666,2.6666666666666665,0.19496082621082622,0.8846153846153846,0.38461538461538464,0.4120991209446984,,True,False,False,False
1.2.0,local-degradation-aware-lemonade-reselection,pilot-003,n60,n22,targeted,0.2,20,100,290,3,36,5,3,12,node_score_aware_delta_0.90,3,0.9607843137254902,1.0173010380622838,0.5065104166666666,0.49348958333333337,0.0,0.0,1.0,0.3333333333333333,0.6666666666666666,2.0,0.16185185185185183,1.2052631578947368,0.42105263157894735,0.35539180572389056,0.9,True,True,True,False
1.2.0,local-degradation-aware-lemonade-reselection,pilot-003,n60,n22,targeted,0.2,20,100,290,3,36,5,3,12,degradation_aware_delta_0.90,3,0.9895833333333334,1.0477941176470589,0.5442708333333334,0.45572916666666663,0.0,0.08333333333333333,1.0,0.3333333333333333,0.6666666666666666,3.3333333333333335,0.16185185185185183,0.8454545454545455,0.5151515151515151,0.38909368622170915,0.9,True,True,True,True
1.2.0,local-degradation-aware-lemonade-reselection,pilot-003,n60,n22,targeted,0.2,20,100,290,3,36,5,3,12,degradation_aware_delta_0.85,3,0.9595588235294118,1.0160034602076125,0.4752604166666667,0.5247395833333333,0.0,0.0,1.0,0.3333333333333333,0.6666666666666666,2.0,0.17560185185185184,1.2666666666666666,0.3888888888888889,0.35018466677604265,0.85,True,True,True,True
1.2.0,local-degradation-aware-lemonade-reselection,pilot-003,n60,n22,targeted,0.2,20,100,290,3,36,5,3,12,degradation_aware_delta_0.80,3,0.9666666666666667,1.0235294117647058,0.4934895833333333,0.5065104166666667,0.0,0.041666666666666664,1.0,0.3333333333333333,0.6666666666666666,2.6666666666666665,0.1521494708994709,0.8777777777777778,0.5555555555555556,0.40172693295377293,0.8,True,True,True,True
1.2.0,local-degradation-aware-lemonade-reselection,pilot-003,n60,n22,behavioral,0.2,0,100,290,3,36,5,3,12,lemonade_reset,3,0.9444444444444445,1.0,0.48828125,0.51171875,0.0,0.0,1.0,1.0,0.0,0.0,0.19496082621082622,0.8846153846153846,0.38461538461538464,0.4120991209446984,,True,False,False,False
1.2.0,local-degradation-aware-lemonade-reselection,pilot-003,n60,n22,behavioral,0.2,0,100,290,3,36,5,3,12,node_score_aware_delta_0.90,3,0.9607843137254902,1.0173010380622838,0.5065104166666666,0.49348958333333337,0.0,0.0,1.0,1.0,0.0,0.0,0.16185185185185183,1.2052631578947368,0.42105263157894735,0.35539180572389056,0.9,True,True,True,False
1.2.0,local-degradation-aware-lemonade-reselection,pilot-003,n60,n22,behavioral,0.2,0,100,290,3,36,5,3,12,degradation_aware_delta_0.90,3,0.9895833333333334,1.0477941176470589,0.5442708333333334,0.45572916666666663,0.0,0.08333333333333333,1.0,1.0,0.0,0.0,0.16185185185185183,0.8454545454545455,0.5151515151515151,0.38909368622170915,0.9,True,True,True,True
1.2.0,local-degradation-aware-lemonade-reselection,pilot-003,n60,n22,behavioral,0.2,0,100,290,3,36,5,3,12,degradation_aware_delta_0.85,3,0.9595588235294118,1.0160034602076125,0.4752604166666667,0.5247395833333333,0.0,0.0,1.0,1.0,0.0,0.0,0.17560185185185184,1.2666666666666666,0.3888888888888889,0.35018466677604265,0.85,True,True,True,True
1.2.0,local-degradation-aware-lemonade-reselection,pilot-003,n60,n22,behavioral,0.2,0,100,290,3,36,5,3,12,degradation_aware_delta_0.80,3,0.9666666666666667,1.0235294117647058,0.4934895833333333,0.5065104166666667,0.0,0.041666666666666664,1.0,1.0,0.0,0.0,0.1521494708994709,0.8777777777777778,0.5555555555555556,0.40172693295377293,0.8,True,True,True,True
1.2.0,local-degradation-aware-lemonade-reselection,pilot-004,n18,n34,random,0.2,20,100,248,3,36,5,1,1,lemonade_reset,1,0.0,0.0,0.4921875,0.5078125,0.0,0.0,1.0,0.0,1.0,1.0,0.375,2.5,0.0,0.5204781631783065,,True,False,False,False
1.2.0,local-degradation-aware-lemonade-reselection,pilot-004,n18,n34,random,0.2,20,100,248,3,36,5,1,1,node_score_aware_delta_0.90,1,0.0,0.0,0.48046875,0.51953125,0.0,0.0,1.0,0.0,1.0,1.0,0.375,2.5,0.0,0.5204781631783065,0.9,False,False,False,False
1.2.0,local-degradation-aware-lemonade-reselection,pilot-004,n18,n34,random,0.2,20,100,248,3,36,5,1,1,degradation_aware_delta_0.90,1,0.0,0.0,0.55078125,0.44921875,0.0,0.0,1.0,0.0,1.0,1.0,0.375,2.5,0.0,0.5204781631783065,0.9,False,False,False,False
1.2.0,local-degradation-aware-lemonade-reselection,pilot-004,n18,n34,random,0.2,20,100,248,3,36,5,1,1,degradation_aware_delta_0.85,1,0.0,0.0,0.51953125,0.48046875,0.0,0.0,1.0,0.0,1.0,1.0,0.375,2.5,0.0,0.5204781631783065,0.85,False,False,False,False
1.2.0,local-degradation-aware-lemonade-reselection,pilot-004,n18,n34,random,0.2,20,100,248,3,36,5,1,1,degradation_aware_delta_0.80,1,0.0,0.0,0.46484375,0.53515625,0.0,0.0,1.0,0.0,1.0,1.0,0.375,2.5,0.0,0.5204781631783065,0.8,False,False,False,False
1.2.0,local-degradation-aware-lemonade-reselection,pilot-004,n18,n34,targeted,0.2,20,100,248,3,36,5,1,1,lemonade_reset,1,0.0,0.0,0.4921875,0.5078125,0.0,0.0,1.0,0.0,1.0,2.0,0.375,2.5,0.0,0.5204781631783065,,True,False,False,False
1.2.0,local-degradation-aware-lemonade-reselection,pilot-004,n18,n34,targeted,0.2,20,100,248,3,36,5,1,1,node_score_aware_delta_0.90,1,0.0,0.0,0.48046875,0.51953125,0.0,0.0,1.0,0.0,1.0,2.0,0.375,2.5,0.0,0.5204781631783065,0.9,False,False,False,False
1.2.0,local-degradation-aware-lemonade-reselection,pilot-004,n18,n34,targeted,0.2,20,100,248,3,36,5,1,1,degradation_aware_delta_0.90,1,0.0,0.0,0.55078125,0.44921875,0.0,0.0,1.0,0.0,1.0,2.0,0.375,2.5,0.0,0.5204781631783065,0.9,False,False,False,False
1.2.0,local-degradation-aware-lemonade-reselection,pilot-004,n18,n34,targeted,0.2,20,100,248,3,36,5,1,1,degradation_aware_delta_0.85,1,0.0,0.0,0.51953125,0.48046875,0.0,0.0,1.0,0.0,1.0,2.0,0.375,2.5,0.0,0.5204781631783065,0.85,False,False,False,False
1.2.0,local-degradation-aware-lemonade-reselection,pilot-004,n18,n34,targeted,0.2,20,100,248,3,36,5,1,1,degradation_aware_delta_0.80,1,0.0,0.0,0.46484375,0.53515625,0.0,0.0,1.0,0.0,1.0,2.0,0.375,2.5,0.0,0.5204781631783065,0.8,False,False,False,False
1.2.0,local-degradation-aware-lemonade-reselection,pilot-004,n18,n34,behavioral,0.2,0,100,248,3,36,5,1,1,lemonade_reset,1,0.0,0.0,0.4921875,0.5078125,0.0,0.0,1.0,1.0,0.0,0.0,0.375,2.5,0.0,0.5204781631783065,,True,False,False,False
1.2.0,local-degradation-aware-lemonade-reselection,pilot-004,n18,n34,behavioral,0.2,0,100,248,3,36,5,1,1,node_score_aware_delta_0.90,1,0.0,0.0,0.48046875,0.51953125,0.0,0.0,1.0,1.0,0.0,0.0,0.375,2.5,0.0,0.5204781631783065,0.9,False,False,False,False
1.2.0,local-degradation-aware-lemonade-reselection,pilot-004,n18,n34,behavioral,0.2,0,100,248,3,36,5,1,1,degradation_aware_delta_0.90,1,0.0,0.0,0.55078125,0.44921875,0.0,0.0,1.0,1.0,0.0,0.0,0.375,2.5,0.0,0.5204781631783065,0.9,False,False,False,False
1.2.0,local-degradation-aware-lemonade-reselection,pilot-004,n18,n34,behavioral,0.2,0,100,248,3,36,5,1,1,degradation_aware_delta_0.85,1,0.0,0.0,0.51953125,0.48046875,0.0,0.0,1.0,1.0,0.0,0.0,0.375,2.5,0.0,0.5204781631783065,0.85,False,False,False,False
1.2.0,local-degradation-aware-lemonade-reselection,pilot-004,n18,n34,behavioral,0.2,0,100,248,3,36,5,1,1,degradation_aware_delta_0.80,1,0.0,0.0,0.46484375,0.53515625,0.0,0.0,1.0,1.0,0.0,0.0,0.375,2.5,0.0,0.5204781631783065,0.8,False,False,False,False
1.2.0,local-degradation-aware-lemonade-reselection,pilot-005,n94,n10,random,0.2,20,100,230,3,36,5,3,12,lemonade_reset,3,0.8683087027914613,1.0,0.49609375,0.50390625,0.0,0.11666666666666665,1.0,0.0,1.0,3.3333333333333335,0.1796092796092796,0.9612903225806452,0.4032258064516129,0.3547689676174757,,True,False,False,False
1.2.0,local-degradation-aware-lemonade-reselection,pilot-005,n94,n10,random,0.2,20,100,230,3,36,5,3,12,node_score_aware_delta_0.90,3,0.8917158375286455,1.0269571578194878,0.4895833333333333,0.5104166666666667,0.0,0.09401709401709402,1.0,0.0,1.0,7.0,0.14103304284676835,0.9720930232558139,0.4186046511627907,0.3723936473950837,0.9,True,True,False,False
1.2.0,local-degradation-aware-lemonade-reselection,pilot-005,n94,n10,random,0.2,20,100,230,3,36,5,3,12,degradation_aware_delta_0.90,3,0.9035072207486001,1.0405368710966292,0.4869791666666667,0.5130208333333333,0.0,0.08012820512820513,1.0,0.0,1.0,5.666666666666667,0.15549382716049384,0.9775,0.4,0.3695865332176451,0.9,True,True,False,False
1.2.0,local-degradation-aware-lemonade-reselection,pilot-005,n94,n10,random,0.2,20,100,230,3,36,5,3,12,degradation_aware_delta_0.85,3,0.9079101695124511,1.0456075893212609,0.46484375,0.53515625,0.0,0.14262820512820515,1.0,0.0,1.0,7.0,0.1357389251997095,0.9923076923076923,0.4358974358974359,0.3754761643387927,0.85,True,True,False,False
1.2.0,local-degradation-aware-lemonade-reselection,pilot-005,n94,n10,random,0.2,20,100,230,3,36,5,3,12,degradation_aware_delta_0.80,3,0.9207756665884744,1.0604243210143363,0.5,0.5,0.0,0.12630579297245964,1.0,0.0,1.0,7.666666666666667,0.12936637618010166,0.9561797752808988,0.4606741573033708,0.3654261818131594,0.8,True,True,False,False
1.2.0,local-degradation-aware-lemonade-reselection,pilot-005,n94,n10,targeted,0.2,20,100,230,3,36,5,3,12,lemonade_reset,3,0.8683087027914613,1.0,0.49609375,0.50390625,0.0,0.11666666666666665,1.0,0.0,1.0,5.333333333333333,0.1796092796092796,0.9612903225806452,0.4032258064516129,0.3547689676174757,,True,False,False,False
1.2.0,local-degradation-aware-lemonade-reselection,pilot-005,n94,n10,targeted,0.2,20,100,230,3,36,5,3,12,node_score_aware_delta_0.90,3,0.8917158375286455,1.0269571578194878,0.4895833333333333,0.5104166666666667,0.0,0.09401709401709402,1.0,0.0,1.0,9.0,0.14103304284676835,0.9720930232558139,0.4186046511627907,0.3723936473950837,0.9,True,True,False,False
1.2.0,local-degradation-aware-lemonade-reselection,pilot-005,n94,n10,targeted,0.2,20,100,230,3,36,5,3,12,degradation_aware_delta_0.90,3,0.9035072207486001,1.0405368710966292,0.4869791666666667,0.5130208333333333,0.0,0.08012820512820513,1.0,0.0,1.0,9.333333333333334,0.15549382716049384,0.9775,0.4,0.3695865332176451,0.9,True,True,False,False
1.2.0,local-degradation-aware-lemonade-reselection,pilot-005,n94,n10,targeted,0.2,20,100,230,3,36,5,3,12,degradation_aware_delta_0.85,3,0.9079101695124511,1.0456075893212609,0.46484375,0.53515625,0.0,0.14262820512820515,1.0,0.0,1.0,9.0,0.1357389251997095,0.9923076923076923,0.4358974358974359,0.3754761643387927,0.85,True,True,False,False
1.2.0,local-degradation-aware-lemonade-reselection,pilot-005,n94,n10,targeted,0.2,20,100,230,3,36,5,3,12,degradation_aware_delta_0.80,3,0.9207756665884744,1.0604243210143363,0.5,0.5,0.0,0.12630579297245964,1.0,0.0,1.0,9.0,0.12936637618010166,0.9561797752808988,0.4606741573033708,0.3654261818131594,0.8,True,True,False,False
1.2.0,local-degradation-aware-lemonade-reselection,pilot-005,n94,n10,behavioral,0.2,0,100,230,3,36,5,3,12,lemonade_reset,3,0.8683087027914613,1.0,0.49609375,0.50390625,0.0,0.11666666666666665,1.0,1.0,0.0,0.0,0.1796092796092796,0.9612903225806452,0.4032258064516129,0.3547689676174757,,True,False,False,False
1.2.0,local-degradation-aware-lemonade-reselection,pilot-005,n94,n10,behavioral,0.2,0,100,230,3,36,5,3,12,node_score_aware_delta_0.90,3,0.8917158375286455,1.0269571578194878,0.4895833333333333,0.5104166666666667,0.0,0.09401709401709402,1.0,1.0,0.0,0.0,0.14103304284676835,0.9720930232558139,0.4186046511627907,0.3723936473950837,0.9,True,True,False,False
1.2.0,local-degradation-aware-lemonade-reselection,pilot-005,n94,n10,behavioral,0.2,0,100,230,3,36,5,3,12,degradation_aware_delta_0.90,3,0.9035072207486001,1.0405368710966292,0.4869791666666667,0.5130208333333333,0.0,0.08012820512820513,1.0,1.0,0.0,0.0,0.15549382716049384,0.9775,0.4,0.3695865332176451,0.9,True,True,False,False
1.2.0,local-degradation-aware-lemonade-reselection,pilot-005,n94,n10,behavioral,0.2,0,100,230,3,36,5,3,12,degradation_aware_delta_0.85,3,0.9079101695124511,1.0456075893212609,0.46484375,0.53515625,0.0,0.14262820512820515,1.0,1.0,0.0,0.0,0.1357389251997095,0.9923076923076923,0.4358974358974359,0.3754761643387927,0.85,True,True,False,False
1.2.0,local-degradation-aware-lemonade-reselection,pilot-005,n94,n10,behavioral,0.2,0,100,230,3,36,5,3,12,degradation_aware_delta_0.80,3,0.9207756665884744,1.0604243210143363,0.5,0.5,0.0,0.12630579297245964,1.0,1.0,0.0,0.0,0.12936637618010166,0.9561797752808988,0.4606741573033708,0.3654261818131594,0.8,True,True,False,False
1.2.0,local-degradation-aware-lemonade-reselection,pilot-006,n92,n41,random,0.2,20,100,237,3,36,5,3,12,lemonade_reset,3,0.8865440115440116,1.0,0.4947916666666667,0.5052083333333333,0.0,0.05808080808080809,1.0,0.0,1.0,2.6666666666666665,0.19087606837606838,0.9099999999999999,0.375,0.386135276301166,,True,False,False,False
1.2.0,local-degradation-aware-lemonade-reselection,pilot-006,n92,n41,random,0.2,20,100,237,3,36,5,3,12,node_score_aware_delta_0.90,3,0.9426551226551227,1.063291963377416,0.51171875,0.48828125,0.0,0.17965367965367965,1.0,0.0,1.0,3.0,0.17875,0.7571428571428572,0.4444444444444444,0.3805038330880682,0.9,True,True,True,False
1.2.0,local-degradation-aware-lemonade-reselection,pilot-006,n92,n41,random,0.2,20,100,237,3,36,5,3,12,degradation_aware_delta_0.90,3,0.9192821067821068,1.0369277721261443,0.48828125,0.51171875,0.0,0.047619047619047616,1.0,0.0,1.0,2.6666666666666665,0.18570546737213403,0.7535714285714287,0.4642857142857143,0.3797748251133144,0.9,True,True,True,True
1.2.0,local-degradation-aware-lemonade-reselection,pilot-006,n92,n41,random,0.2,20,100,237,3,36,5,3,12,degradation_aware_delta_0.85,3,0.9350793650793651,1.0547466937945065,0.54296875,0.45703125,0.0,0.10437710437710439,1.0,0.0,1.0,3.0,0.15291666666666667,0.7931034482758621,0.4827586206896552,0.3430063873474642,0.85,True,True,True,True
1.2.0,local-degradation-aware-lemonade-reselection,pilot-006,n92,n41,random,0.2,20,100,237,3,36,5,3,12,degradation_aware_delta_0.80,3,0.9192063492063491,1.0368423194303151,0.4973958333333333,0.5026041666666667,0.0,0.08831908831908832,1.0,0.0,1.0,3.6666666666666665,0.1546141975308642,0.7000000000000001,0.5068493150684932,0.3567856790881754,0.8,True,True,True,True
1.2.0,local-degradation-aware-lemonade-reselection,pilot-006,n92,n41,targeted,0.2,20,100,237,3,36,5,3,12,lemonade_reset,3,0.8865440115440116,1.0,0.4947916666666667,0.5052083333333333,0.0,0.05808080808080809,1.0,0.0,1.0,2.3333333333333335,0.19087606837606838,0.9099999999999999,0.375,0.386135276301166,,True,False,False,False
1.2.0,local-degradation-aware-lemonade-reselection,pilot-006,n92,n41,targeted,0.2,20,100,237,3,36,5,3,12,node_score_aware_delta_0.90,3,0.9426551226551227,1.063291963377416,0.51171875,0.48828125,0.0,0.17965367965367965,1.0,0.0,1.0,5.333333333333333,0.17875,0.7571428571428572,0.4444444444444444,0.3805038330880682,0.9,True,True,True,False
1.2.0,local-degradation-aware-lemonade-reselection,pilot-006,n92,n41,targeted,0.2,20,100,237,3,36,5,3,12,degradation_aware_delta_0.90,3,0.9192821067821068,1.0369277721261443,0.48828125,0.51171875,0.0,0.047619047619047616,1.0,0.0,1.0,4.666666666666667,0.18570546737213403,0.7535714285714287,0.4642857142857143,0.3797748251133144,0.9,True,True,True,True
1.2.0,local-degradation-aware-lemonade-reselection,pilot-006,n92,n41,targeted,0.2,20,100,237,3,36,5,3,12,degradation_aware_delta_0.85,3,0.9350793650793651,1.0547466937945065,0.54296875,0.45703125,0.0,0.10437710437710439,1.0,0.0,1.0,4.666666666666667,0.15291666666666667,0.7931034482758621,0.4827586206896552,0.3430063873474642,0.85,True,True,True,True
1.2.0,local-degradation-aware-lemonade-reselection,pilot-006,n92,n41,targeted,0.2,20,100,237,3,36,5,3,12,degradation_aware_delta_0.80,3,0.9192063492063491,1.0368423194303151,0.4973958333333333,0.5026041666666667,0.0,0.08831908831908832,1.0,0.0,1.0,7.0,0.1546141975308642,0.7000000000000001,0.5068493150684932,0.3567856790881754,0.8,True,True,True,True
1.2.0,local-degradation-aware-lemonade-reselection,pilot-006,n92,n41,behavioral,0.2,0,100,237,3,36,5,3,12,lemonade_reset,3,0.8865440115440116,1.0,0.4947916666666667,0.5052083333333333,0.0,0.05808080808080809,1.0,1.0,0.0,0.0,0.19087606837606838,0.9099999999999999,0.375,0.386135276301166,,True,False,False,False
1.2.0,local-degradation-aware-lemonade-reselection,pilot-006,n92,n41,behavioral,0.2,0,100,237,3,36,5,3,12,node_score_aware_delta_0.90,3,0.9426551226551227,1.063291963377416,0.51171875,0.48828125,0.0,0.17965367965367965,1.0,1.0,0.0,0.0,0.17875,0.7571428571428572,0.4444444444444444,0.3805038330880682,0.9,True,True,True,False
1.2.0,local-degradation-aware-lemonade-reselection,pilot-006,n92,n41,behavioral,0.2,0,100,237,3,36,5,3,12,degradation_aware_delta_0.90,3,0.9192821067821068,1.0369277721261443,0.48828125,0.51171875,0.0,0.047619047619047616,1.0,1.0,0.0,0.0,0.18570546737213403,0.7535714285714287,0.4642857142857143,0.3797748251133144,0.9,True,True,True,True
1.2.0,local-degradation-aware-lemonade-reselection,pilot-006,n92,n41,behavioral,0.2,0,100,237,3,36,5,3,12,degradation_aware_delta_0.85,3,0.9350793650793651,1.0547466937945065,0.54296875,0.45703125,0.0,0.10437710437710439,1.0,1.0,0.0,0.0,0.15291666666666667,0.7931034482758621,0.4827586206896552,0.3430063873474642,0.85,True,True,True,True
1.2.0,local-degradation-aware-lemonade-reselection,pilot-006,n92,n41,behavioral,0.2,0,100,237,3,36,5,3,12,degradation_aware_delta_0.80,3,0.9192063492063491,1.0368423194303151,0.4973958333333333,0.5026041666666667,0.0,0.08831908831908832,1.0,1.0,0.0,0.0,0.1546141975308642,0.7000000000000001,0.5068493150684932,0.3567856790881754,0.8,True,True,True,True
1.2.0,local-degradation-aware-lemonade-reselection,pilot-007,n83,n46,random,0.2,20,100,273,3,36,5,3,12,lemonade_reset,3,0.9833333333333334,1.0,0.5247395833333334,0.47526041666666663,0.0,0.0,1.0,0.6666666666666666,0.3333333333333333,2.3333333333333335,0.16231481481481483,0.6314285714285715,0.6,0.4271380309930534,,True,False,False,False
1.2.0,local-degradation-aware-lemonade-reselection,pilot-007,n83,n46,random,0.2,20,100,273,3,36,5,3,12,node_score_aware_delta_0.90,3,0.989247311827957,1.0060142154182612,0.4752604166666667,0.5247395833333333,0.0,0.0,1.0,0.6666666666666666,0.3333333333333333,2.0,0.13179012345679011,0.5857142857142857,0.7142857142857143,0.413470166687397,0.9,True,True,True,False
1.2.0,local-degradation-aware-lemonade-reselection,pilot-007,n83,n46,random,0.2,20,100,273,3,36,5,3,12,degradation_aware_delta_0.90,3,0.989247311827957,1.0060142154182612,0.5091145833333334,0.49088541666666663,0.0,0.0,1.0,0.6666666666666666,0.3333333333333333,2.0,0.13179012345679011,0.5857142857142857,0.7142857142857143,0.413470166687397,0.9,True,True,True,True
1.2.0,local-degradation-aware-lemonade-reselection,pilot-007,n83,n46,random,0.2,20,100,273,3,36,5,3,12,degradation_aware_delta_0.85,3,0.9777530589543938,0.9943251446993835,0.5078125,0.4921875,0.0,0.1272727272727273,1.0,0.0,1.0,4.0,0.1418545356951154,0.4642857142857143,0.7142857142857143,0.43166139138300014,0.85,True,True,False,False
1.2.0,local-degradation-aware-lemonade-reselection,pilot-007,n83,n46,random,0.2,20,100,273,3,36,5,3,12,degradation_aware_delta_0.80,3,0.989247311827957,1.0060142154182612,0.4752604166666667,0.5247395833333333,0.0,0.0,1.0,0.6666666666666666,0.3333333333333333,2.0,0.13179012345679011,0.5857142857142857,0.7142857142857143,0.413470166687397,0.8,True,True,True,True
1.2.0,local-degradation-aware-lemonade-reselection,pilot-007,n83,n46,targeted,0.2,20,100,273,3,36,5,3,12,lemonade_reset,3,0.9833333333333334,1.0,0.5247395833333334,0.47526041666666663,0.0,0.0,1.0,0.0,1.0,3.6666666666666665,0.16231481481481483,0.6314285714285715,0.6,0.4271380309930534,,True,False,False,False
1.2.0,local-degradation-aware-lemonade-reselection,pilot-007,n83,n46,targeted,0.2,20,100,273,3,36,5,3,12,node_score_aware_delta_0.90,3,0.989247311827957,1.0060142154182612,0.4752604166666667,0.5247395833333333,0.0,0.0,1.0,0.0,1.0,5.0,0.13179012345679011,0.5857142857142857,0.7142857142857143,0.413470166687397,0.9,True,True,True,False
1.2.0,local-degradation-aware-lemonade-reselection,pilot-007,n83,n46,targeted,0.2,20,100,273,3,36,5,3,12,degradation_aware_delta_0.90,3,0.989247311827957,1.0060142154182612,0.5091145833333334,0.49088541666666663,0.0,0.0,1.0,0.0,1.0,5.0,0.13179012345679011,0.5857142857142857,0.7142857142857143,0.413470166687397,0.9,True,True,True,True
1.2.0,local-degradation-aware-lemonade-reselection,pilot-007,n83,n46,targeted,0.2,20,100,273,3,36,5,3,12,degradation_aware_delta_0.85,3,0.9777530589543938,0.9943251446993835,0.5078125,0.4921875,0.0,0.1272727272727273,1.0,0.0,1.0,5.333333333333333,0.1418545356951154,0.4642857142857143,0.7142857142857143,0.43166139138300014,0.85,True,True,False,False
1.2.0,local-degradation-aware-lemonade-reselection,pilot-007,n83,n46,targeted,0.2,20,100,273,3,36,5,3,12,degradation_aware_delta_0.80,3,0.989247311827957,1.0060142154182612,0.4752604166666667,0.5247395833333333,0.0,0.0,1.0,0.0,1.0,5.0,0.13179012345679011,0.5857142857142857,0.7142857142857143,0.413470166687397,0.8,True,True,True,True
1.2.0,local-degradation-aware-lemonade-reselection,pilot-007,n83,n46,behavioral,0.2,0,100,273,3,36,5,3,12,lemonade_reset,3,0.9833333333333334,1.0,0.5247395833333334,0.47526041666666663,0.0,0.0,1.0,1.0,0.0,0.0,0.16231481481481483,0.6314285714285715,0.6,0.4271380309930534,,True,False,False,False
1.2.0,local-degradation-aware-lemonade-reselection,pilot-007,n83,n46,behavioral,0.2,0,100,273,3,36,5,3,12,node_score_aware_delta_0.90,3,0.989247311827957,1.0060142154182612,0.4752604166666667,0.5247395833333333,0.0,0.0,1.0,1.0,0.0,0.0,0.13179012345679011,0.5857142857142857,0.7142857142857143,0.413470166687397,0.9,True,True,True,False
1.2.0,local-degradation-aware-lemonade-reselection,pilot-007,n83,n46,behavioral,0.2,0,100,273,3,36,5,3,12,degradation_aware_delta_0.90,3,0.989247311827957,1.0060142154182612,0.5091145833333334,0.49088541666666663,0.0,0.0,1.0,1.0,0.0,0.0,0.13179012345679011,0.5857142857142857,0.7142857142857143,0.413470166687397,0.9,True,True,True,True
1.2.0,local-degradation-aware-lemonade-reselection,pilot-007,n83,n46,behavioral,0.2,0,100,273,3,36,5,3,12,degradation_aware_delta_0.85,3,0.9777530589543938,0.9943251446993835,0.5078125,0.4921875,0.0,0.1272727272727273,1.0,1.0,0.0,0.0,0.1418545356951154,0.4642857142857143,0.7142857142857143,0.43166139138300014,0.85,True,True,False,False
1.2.0,local-degradation-aware-lemonade-reselection,pilot-007,n83,n46,behavioral,0.2,0,100,273,3,36,5,3,12,degradation_aware_delta_0.80,3,0.989247311827957,1.0060142154182612,0.4752604166666667,0.5247395833333333,0.0,0.0,1.0,1.0,0.0,0.0,0.13179012345679011,0.5857142857142857,0.7142857142857143,0.413470166687397,0.8,True,True,True,True
1.2.0,local-degradation-aware-lemonade-reselection,pilot-008,n79,n63,random,0.2,20,100,275,3,36,5,3,12,lemonade_reset,3,0.9381800817739577,1.0,0.4869791666666667,0.5130208333333333,0.0,0.17460317460317457,1.0,0.0,1.0,6.666666666666667,0.14066875653082547,1.1421052631578947,0.4421052631578947,0.39919838020264437,,True,False,False,False
1.2.0,local-degradation-aware-lemonade-reselection,pilot-008,n79,n63,random,0.2,20,100,275,3,36,5,3,12,node_score_aware_delta_0.90,3,0.9350606521839399,0.9966750204458408,0.4895833333333333,0.5104166666666667,0.0,0.17460317460317457,1.0,0.0,1.0,7.333333333333333,0.13407784743991638,1.1,0.45098039215686275,0.4026742678106731,0.9,True,True,False,False
1.2.0,local-degradation-aware-lemonade-reselection,pilot-008,n79,n63,random,0.2,20,100,275,3,36,5,3,12,degradation_aware_delta_0.90,3,0.9362825485671266,0.99797743179194,0.4921875,0.5078125,0.0,0.17460317460317457,1.0,0.0,1.0,6.0,0.17025208986415882,1.1704545454545454,0.4090909090909091,0.40314851048546735,0.9,True,False,False,False
1.2.0,local-degradation-aware-lemonade-reselection,pilot-008,n79,n63,random,0.2,20,100,275,3,36,5,3,12,degradation_aware_delta_0.85,3,0.9362825485671266,0.99797743179194,0.5026041666666666,0.49739583333333337,0.0,0.17460317460317457,1.0,0.0,1.0,6.0,0.17025208986415882,1.1704545454545454,0.4090909090909091,0.40314851048546735,0.85,True,False,False,False
1.2.0,local-degradation-aware-lemonade-reselection,pilot-008,n79,n63,random,0.2,20,100,275,3,36,5,3,12,degradation_aware_delta_0.80,3,0.9302676238614999,0.9915661629721486,0.5455729166666666,0.45442708333333337,0.0,0.20634920634920637,1.0,0.0,1.0,6.666666666666667,0.13725966562173456,1.1231578947368421,0.45263157894736844,0.4039707790064937,0.8,True,True,False,False
1.2.0,local-degradation-aware-lemonade-reselection,pilot-008,n79,n63,targeted,0.2,20,100,275,3,36,5,3,12,lemonade_reset,3,0.9381800817739577,1.0,0.4869791666666667,0.5130208333333333,0.0,0.17460317460317457,1.0,0.0,1.0,9.666666666666666,0.14066875653082547,1.1421052631578947,0.4421052631578947,0.39919838020264437,,True,False,False,False
1.2.0,local-degradation-aware-lemonade-reselection,pilot-008,n79,n63,targeted,0.2,20,100,275,3,36,5,3,12,node_score_aware_delta_0.90,3,0.9350606521839399,0.9966750204458408,0.4895833333333333,0.5104166666666667,0.0,0.17460317460317457,1.0,0.0,1.0,11.333333333333334,0.13407784743991638,1.1,0.45098039215686275,0.4026742678106731,0.9,True,True,False,False
1.2.0,local-degradation-aware-lemonade-reselection,pilot-008,n79,n63,targeted,0.2,20,100,275,3,36,5,3,12,degradation_aware_delta_0.90,3,0.9362825485671266,0.99797743179194,0.4921875,0.5078125,0.0,0.17460317460317457,1.0,0.0,1.0,10.0,0.17025208986415882,1.1704545454545454,0.4090909090909091,0.40314851048546735,0.9,True,False,False,False
1.2.0,local-degradation-aware-lemonade-reselection,pilot-008,n79,n63,targeted,0.2,20,100,275,3,36,5,3,12,degradation_aware_delta_0.85,3,0.9362825485671266,0.99797743179194,0.5026041666666666,0.49739583333333337,0.0,0.17460317460317457,1.0,0.0,1.0,10.0,0.17025208986415882,1.1704545454545454,0.4090909090909091,0.40314851048546735,0.85,True,False,False,False
1.2.0,local-degradation-aware-lemonade-reselection,pilot-008,n79,n63,targeted,0.2,20,100,275,3,36,5,3,12,degradation_aware_delta_0.80,3,0.9302676238614999,0.9915661629721486,0.5455729166666666,0.45442708333333337,0.0,0.20634920634920637,1.0,0.0,1.0,9.666666666666666,0.13725966562173456,1.1231578947368421,0.45263157894736844,0.4039707790064937,0.8,True,True,False,False
1.2.0,local-degradation-aware-lemonade-reselection,pilot-008,n79,n63,behavioral,0.2,0,100,275,3,36,5,3,12,lemonade_reset,3,0.9381800817739577,1.0,0.4869791666666667,0.5130208333333333,0.0,0.17460317460317457,1.0,1.0,0.0,0.0,0.14066875653082547,1.1421052631578947,0.4421052631578947,0.39919838020264437,,True,False,False,False
1.2.0,local-degradation-aware-lemonade-reselection,pilot-008,n79,n63,behavioral,0.2,0,100,275,3,36,5,3,12,node_score_aware_delta_0.90,3,0.9350606521839399,0.9966750204458408,0.4895833333333333,0.5104166666666667,0.0,0.17460317460317457,1.0,1.0,0.0,0.0,0.13407784743991638,1.1,0.45098039215686275,0.4026742678106731,0.9,True,True,False,False
1.2.0,local-degradation-aware-lemonade-reselection,pilot-008,n79,n63,behavioral,0.2,0,100,275,3,36,5,3,12,degradation_aware_delta_0.90,3,0.9362825485671266,0.99797743179194,0.4921875,0.5078125,0.0,0.17460317460317457,1.0,1.0,0.0,0.0,0.17025208986415882,1.1704545454545454,0.4090909090909091,0.40314851048546735,0.9,True,False,False,False
1.2.0,local-degradation-aware-lemonade-reselection,pilot-008,n79,n63,behavioral,0.2,0,100,275,3,36,5,3,12,degradation_aware_delta_0.85,3,0.9362825485671266,0.99797743179194,0.5026041666666666,0.49739583333333337,0.0,0.17460317460317457,1.0,1.0,0.0,0.0,0.17025208986415882,1.1704545454545454,0.4090909090909091,0.40314851048546735,0.85,True,False,False,False
1.2.0,local-degradation-aware-lemonade-reselection,pilot-008,n79,n63,behavioral,0.2,0,100,275,3,36,5,3,12,degradation_aware_delta_0.80,3,0.9302676238614999,0.9915661629721486,0.5455729166666666,0.45442708333333337,0.0,0.20634920634920637,1.0,1.0,0.0,0.0,0.13725966562173456,1.1231578947368421,0.45263157894736844,0.4039707790064937,0.8,True,True,False,False
1.2.0,local-degradation-aware-lemonade-reselection,pilot-009,n28,n53,random,0.2,20,100,229,3,36,5,3,12,lemonade_reset,3,0.9417631917631918,1.0,0.50390625,0.49609375,0.0,0.1899335232668566,1.0,0.0,1.0,4.0,0.1559722222222222,1.2793103448275862,0.3448275862068966,0.4143744300274821,,True,False,False,False
1.2.0,local-degradation-aware-lemonade-reselection,pilot-009,n28,n53,random,0.2,20,100,229,3,36,5,3,12,node_score_aware_delta_0.90,3,0.9417631917631918,1.0,0.4713541666666667,0.5286458333333333,0.0,0.1899335232668566,1.0,0.0,1.0,4.0,0.1559722222222222,1.2793103448275862,0.3448275862068966,0.4143744300274821,0.9,True,False,False,False
1.2.0,local-degradation-aware-lemonade-reselection,pilot-009,n28,n53,random,0.2,20,100,229,3,36,5,3,12,degradation_aware_delta_0.90,3,0.939594356261023,0.9976970479191183,0.4908854166666667,0.5091145833333333,0.0,0.17273954116059378,1.0,0.0,1.0,3.0,0.15541666666666665,1.4161290322580644,0.3225806451612903,0.4197973163998392,0.9,True,True,False,False
1.2.0,local-degradation-aware-lemonade-reselection,pilot-009,n28,n53,random,0.2,20,100,229,3,36,5,3,12,degradation_aware_delta_0.85,3,0.9480288559235928,1.0066531206732239,0.5169270833333334,0.48307291666666663,0.0,0.2098765432098765,1.0,0.0,1.0,3.6666666666666665,0.14262635756056807,1.2478260869565216,0.358695652173913,0.3864209015532816,0.85,True,True,True,True
1.2.0,local-degradation-aware-lemonade-reselection,pilot-009,n28,n53,random,0.2,20,100,229,3,36,5,3,12,degradation_aware_delta_0.80,3,0.9313356921716055,0.9889276840687905,0.5065104166666666,0.49348958333333337,0.0,0.29012345679012347,1.0,0.0,1.0,5.666666666666667,0.13545878014708904,1.1555555555555554,0.4166666666666667,0.3970402964782753,0.8,True,True,True,True
1.2.0,local-degradation-aware-lemonade-reselection,pilot-009,n28,n53,targeted,0.2,20,100,229,3,36,5,3,12,lemonade_reset,3,0.9417631917631918,1.0,0.50390625,0.49609375,0.0,0.1899335232668566,1.0,0.0,1.0,8.666666666666666,0.1559722222222222,1.2793103448275862,0.3448275862068966,0.4143744300274821,,True,False,False,False
1.2.0,local-degradation-aware-lemonade-reselection,pilot-009,n28,n53,targeted,0.2,20,100,229,3,36,5,3,12,node_score_aware_delta_0.90,3,0.9417631917631918,1.0,0.4713541666666667,0.5286458333333333,0.0,0.1899335232668566,1.0,0.0,1.0,8.666666666666666,0.1559722222222222,1.2793103448275862,0.3448275862068966,0.4143744300274821,0.9,True,False,False,False
1.2.0,local-degradation-aware-lemonade-reselection,pilot-009,n28,n53,targeted,0.2,20,100,229,3,36,5,3,12,degradation_aware_delta_0.90,3,0.939594356261023,0.9976970479191183,0.4908854166666667,0.5091145833333333,0.0,0.17273954116059378,1.0,0.0,1.0,6.333333333333333,0.15541666666666665,1.4161290322580644,0.3225806451612903,0.4197973163998392,0.9,True,True,False,False
1.2.0,local-degradation-aware-lemonade-reselection,pilot-009,n28,n53,targeted,0.2,20,100,229,3,36,5,3,12,degradation_aware_delta_0.85,3,0.9480288559235928,1.0066531206732239,0.5169270833333334,0.48307291666666663,0.0,0.2098765432098765,1.0,0.0,1.0,9.333333333333334,0.14262635756056807,1.2478260869565216,0.358695652173913,0.3864209015532816,0.85,True,True,True,True
1.2.0,local-degradation-aware-lemonade-reselection,pilot-009,n28,n53,targeted,0.2,20,100,229,3,36,5,3,12,degradation_aware_delta_0.80,3,0.9313356921716055,0.9889276840687905,0.5065104166666666,0.49348958333333337,0.0,0.29012345679012347,1.0,0.0,1.0,10.666666666666666,0.13545878014708904,1.1555555555555554,0.4166666666666667,0.3970402964782753,0.8,True,True,True,True
1.2.0,local-degradation-aware-lemonade-reselection,pilot-009,n28,n53,behavioral,0.2,0,100,229,3,36,5,3,12,lemonade_reset,3,0.9417631917631918,1.0,0.50390625,0.49609375,0.0,0.1899335232668566,1.0,1.0,0.0,0.0,0.1559722222222222,1.2793103448275862,0.3448275862068966,0.4143744300274821,,True,False,False,False
1.2.0,local-degradation-aware-lemonade-reselection,pilot-009,n28,n53,behavioral,0.2,0,100,229,3,36,5,3,12,node_score_aware_delta_0.90,3,0.9417631917631918,1.0,0.4713541666666667,0.5286458333333333,0.0,0.1899335232668566,1.0,1.0,0.0,0.0,0.1559722222222222,1.2793103448275862,0.3448275862068966,0.4143744300274821,0.9,True,False,False,False
1.2.0,local-degradation-aware-lemonade-reselection,pilot-009,n28,n53,behavioral,0.2,0,100,229,3,36,5,3,12,degradation_aware_delta_0.90,3,0.939594356261023,0.9976970479191183,0.4908854166666667,0.5091145833333333,0.0,0.17273954116059378,1.0,1.0,0.0,0.0,0.15541666666666665,1.4161290322580644,0.3225806451612903,0.4197973163998392,0.9,True,True,False,False
1.2.0,local-degradation-aware-lemonade-reselection,pilot-009,n28,n53,behavioral,0.2,0,100,229,3,36,5,3,12,degradation_aware_delta_0.85,3,0.9480288559235928,1.0066531206732239,0.5169270833333334,0.48307291666666663,0.0,0.2098765432098765,1.0,1.0,0.0,0.0,0.14262635756056807,1.2478260869565216,0.358695652173913,0.3864209015532816,0.85,True,True,True,True
1.2.0,local-degradation-aware-lemonade-reselection,pilot-009,n28,n53,behavioral,0.2,0,100,229,3,36,5,3,12,degradation_aware_delta_0.80,3,0.9313356921716055,0.9889276840687905,0.5065104166666666,0.49348958333333337,0.0,0.29012345679012347,1.0,1.0,0.0,0.0,0.13545878014708904,1.1555555555555554,0.4166666666666667,0.3970402964782753,0.8,True,True,True,True
1.2.0,local-degradation-aware-lemonade-reselection,pilot-010,n17,n39,random,0.2,20,100,245,3,36,5,3,12,lemonade_reset,3,0.9506763285024155,1.0,0.5078125,0.4921875,0.0,0.07004830917874395,1.0,0.0,1.0,6.666666666666667,0.1268538823911631,1.145360824742268,0.41237113402061853,0.3753947004641181,,True,False,False,False
1.2.0,local-degradation-aware-lemonade-reselection,pilot-010,n17,n39,random,0.2,20,100,245,3,36,5,3,12,node_score_aware_delta_0.90,3,0.9506763285024155,1.0,0.5104166666666666,0.48958333333333337,0.0,0.07004830917874395,1.0,0.0,1.0,6.666666666666667,0.1268538823911631,1.145360824742268,0.41237113402061853,0.3753947004641181,0.9,True,False,False,False
1.2.0,local-degradation-aware-lemonade-reselection,pilot-010,n17,n39,random,0.2,20,100,245,3,36,5,3,12,degradation_aware_delta_0.90,3,0.921062271062271,0.9688494847801723,0.4947916666666667,0.5052083333333333,0.0,0.06851851851851852,1.0,0.0,1.0,4.0,0.14730423620025676,1.0481481481481483,0.37037037037037035,0.38921660558953297,0.9,True,False,False,False
1.2.0,local-degradation-aware-lemonade-reselection,pilot-010,n17,n39,random,0.2,20,100,245,3,36,5,3,12,degradation_aware_delta_0.85,3,0.9506763285024155,1.0,0.4973958333333333,0.5026041666666667,0.0,0.07004830917874395,1.0,0.0,1.0,6.666666666666667,0.1268538823911631,1.145360824742268,0.41237113402061853,0.3753947004641181,0.85,True,False,False,False
1.2.0,local-degradation-aware-lemonade-reselection,pilot-010,n17,n39,random,0.2,20,100,245,3,36,5,3,12,degradation_aware_delta_0.80,3,0.9461904761904761,0.9952814094792853,0.5026041666666666,0.49739583333333337,0.0,0.09500805152979065,1.0,0.0,1.0,4.666666666666667,0.1497347917558123,0.9785714285714286,0.38095238095238093,0.38926257727553165,0.8,True,False,False,False
1.2.0,local-degradation-aware-lemonade-reselection,pilot-010,n17,n39,targeted,0.2,20,100,245,3,36,5,3,12,lemonade_reset,3,0.9506763285024155,1.0,0.5078125,0.4921875,0.0,0.07004830917874395,1.0,0.0,1.0,9.333333333333334,0.1268538823911631,1.145360824742268,0.41237113402061853,0.3753947004641181,,True,False,False,False
1.2.0,local-degradation-aware-lemonade-reselection,pilot-010,n17,n39,targeted,0.2,20,100,245,3,36,5,3,12,node_score_aware_delta_0.90,3,0.9506763285024155,1.0,0.5104166666666666,0.48958333333333337,0.0,0.07004830917874395,1.0,0.0,1.0,9.333333333333334,0.1268538823911631,1.145360824742268,0.41237113402061853,0.3753947004641181,0.9,True,False,False,False
1.2.0,local-degradation-aware-lemonade-reselection,pilot-010,n17,n39,targeted,0.2,20,100,245,3,36,5,3,12,degradation_aware_delta_0.90,3,0.921062271062271,0.9688494847801723,0.4947916666666667,0.5052083333333333,0.0,0.06851851851851852,1.0,0.0,1.0,8.0,0.14730423620025676,1.0481481481481483,0.37037037037037035,0.38921660558953297,0.9,True,False,False,False
1.2.0,local-degradation-aware-lemonade-reselection,pilot-010,n17,n39,targeted,0.2,20,100,245,3,36,5,3,12,degradation_aware_delta_0.85,3,0.9506763285024155,1.0,0.4973958333333333,0.5026041666666667,0.0,0.07004830917874395,1.0,0.0,1.0,9.333333333333334,0.1268538823911631,1.145360824742268,0.41237113402061853,0.3753947004641181,0.85,True,False,False,False
1.2.0,local-degradation-aware-lemonade-reselection,pilot-010,n17,n39,targeted,0.2,20,100,245,3,36,5,3,12,degradation_aware_delta_0.80,3,0.9461904761904761,0.9952814094792853,0.5026041666666666,0.49739583333333337,0.0,0.09500805152979065,1.0,0.0,1.0,8.666666666666666,0.1497347917558123,0.9785714285714286,0.38095238095238093,0.38926257727553165,0.8,True,False,False,False
1.2.0,local-degradation-aware-lemonade-reselection,pilot-010,n17,n39,behavioral,0.2,0,100,245,3,36,5,3,12,lemonade_reset,3,0.9506763285024155,1.0,0.5078125,0.4921875,0.0,0.07004830917874395,1.0,1.0,0.0,0.0,0.1268538823911631,1.145360824742268,0.41237113402061853,0.3753947004641181,,True,False,False,False
1.2.0,local-degradation-aware-lemonade-reselection,pilot-010,n17,n39,behavioral,0.2,0,100,245,3,36,5,3,12,node_score_aware_delta_0.90,3,0.9506763285024155,1.0,0.5104166666666666,0.48958333333333337,0.0,0.07004830917874395,1.0,1.0,0.0,0.0,0.1268538823911631,1.145360824742268,0.41237113402061853,0.3753947004641181,0.9,True,False,False,False
1.2.0,local-degradation-aware-lemonade-reselection,pilot-010,n17,n39,behavioral,0.2,0,100,245,3,36,5,3,12,degradation_aware_delta_0.90,3,0.921062271062271,0.9688494847801723,0.4947916666666667,0.5052083333333333,0.0,0.06851851851851852,1.0,1.0,0.0,0.0,0.14730423620025676,1.0481481481481483,0.37037037037037035,0.38921660558953297,0.9,True,False,False,False
1.2.0,local-degradation-aware-lemonade-reselection,pilot-010,n17,n39,behavioral,0.2,0,100,245,3,36,5,3,12,degradation_aware_delta_0.85,3,0.9506763285024155,1.0,0.4973958333333333,0.5026041666666667,0.0,0.07004830917874395,1.0,1.0,0.0,0.0,0.1268538823911631,1.145360824742268,0.41237113402061853,0.3753947004641181,0.85,True,False,False,False
1.2.0,local-degradation-aware-lemonade-reselection,pilot-010,n17,n39,behavioral,0.2,0,100,245,3,36,5,3,12,degradation_aware_delta_0.80,3,0.9461904761904761,0.9952814094792853,0.5026041666666666,0.49739583333333337,0.0,0.09500805152979065,1.0,1.0,0.0,0.0,0.1497347917558123,0.9785714285714286,0.38095238095238093,0.38926257727553165,0.8,True,False,False,False
1.2.0,local-degradation-aware-lemonade-reselection,pilot-011,n4,n71,random,0.2,20,100,243,3,36,5,3,12,lemonade_reset,3,0.9331604331604332,1.0,0.4908854166666667,0.5091145833333333,0.0,0.07634408602150537,1.0,0.0,1.0,7.666666666666667,0.1869844276094276,0.4721518987341773,0.4430379746835443,0.3952754498341015,,True,False,False,False
1.2.0,local-degradation-aware-lemonade-reselection,pilot-011,n4,n71,random,0.2,20,100,243,3,36,5,3,12,node_score_aware_delta_0.90,3,0.9158444158444158,0.9814436867437988,0.5247395833333334,0.47526041666666663,0.0,0.037037037037037035,1.0,0.0,1.0,3.0,0.17200757575757575,0.988,0.48,0.38850950910094956,0.9,True,True,True,False
1.2.0,local-degradation-aware-lemonade-reselection,pilot-011,n4,n71,random,0.2,20,100,243,3,36,5,3,12,degradation_aware_delta_0.90,3,0.9158444158444158,0.9814436867437988,0.4791666666666667,0.5208333333333333,0.0,0.0,1.0,0.0,1.0,4.333333333333333,0.20052609427609425,0.48823529411764705,0.4117647058823529,0.3718308866132342,0.9,True,False,True,False
1.2.0,local-degradation-aware-lemonade-reselection,pilot-011,n4,n71,random,0.2,20,100,243,3,36,5,3,12,degradation_aware_delta_0.85,3,0.9331604331604332,1.0,0.5325520833333334,0.46744791666666663,0.0,0.07634408602150537,1.0,0.0,1.0,7.666666666666667,0.1869844276094276,0.4721518987341773,0.4430379746835443,0.3952754498341015,0.85,True,False,False,False
1.2.0,local-degradation-aware-lemonade-reselection,pilot-011,n4,n71,random,0.2,20,100,243,3,36,5,3,12,degradation_aware_delta_0.80,3,0.9407361907361907,1.008118387049588,0.5416666666666666,0.45833333333333337,0.0,0.17037037037037037,1.0,0.0,1.0,5.333333333333333,0.17168837497784864,0.4363636363636364,0.48484848484848486,0.4026484251100661,0.8,True,True,False,False
1.2.0,local-degradation-aware-lemonade-reselection,pilot-011,n4,n71,targeted,0.2,20,100,243,3,36,5,3,12,lemonade_reset,3,0.9331604331604332,1.0,0.4908854166666667,0.5091145833333333,0.0,0.07634408602150537,1.0,0.0,1.0,7.666666666666667,0.1869844276094276,0.4721518987341773,0.4430379746835443,0.3952754498341015,,True,False,False,False
1.2.0,local-degradation-aware-lemonade-reselection,pilot-011,n4,n71,targeted,0.2,20,100,243,3,36,5,3,12,node_score_aware_delta_0.90,3,0.9158444158444158,0.9814436867437988,0.5247395833333334,0.47526041666666663,0.0,0.037037037037037035,1.0,0.3333333333333333,0.6666666666666666,2.6666666666666665,0.17200757575757575,0.988,0.48,0.38850950910094956,0.9,True,True,True,False
1.2.0,local-degradation-aware-lemonade-reselection,pilot-011,n4,n71,targeted,0.2,20,100,243,3,36,5,3,12,degradation_aware_delta_0.90,3,0.9158444158444158,0.9814436867437988,0.4791666666666667,0.5208333333333333,0.0,0.0,1.0,0.3333333333333333,0.6666666666666666,4.333333333333333,0.20052609427609425,0.48823529411764705,0.4117647058823529,0.3718308866132342,0.9,True,False,True,False
1.2.0,local-degradation-aware-lemonade-reselection,pilot-011,n4,n71,targeted,0.2,20,100,243,3,36,5,3,12,degradation_aware_delta_0.85,3,0.9331604331604332,1.0,0.5325520833333334,0.46744791666666663,0.0,0.07634408602150537,1.0,0.0,1.0,7.666666666666667,0.1869844276094276,0.4721518987341773,0.4430379746835443,0.3952754498341015,0.85,True,False,False,False
1.2.0,local-degradation-aware-lemonade-reselection,pilot-011,n4,n71,targeted,0.2,20,100,243,3,36,5,3,12,degradation_aware_delta_0.80,3,0.9407361907361907,1.008118387049588,0.5416666666666666,0.45833333333333337,0.0,0.17037037037037037,1.0,0.0,1.0,5.333333333333333,0.17168837497784864,0.4363636363636364,0.48484848484848486,0.4026484251100661,0.8,True,True,False,False
1.2.0,local-degradation-aware-lemonade-reselection,pilot-011,n4,n71,behavioral,0.2,0,100,243,3,36,5,3,12,lemonade_reset,3,0.9331604331604332,1.0,0.4908854166666667,0.5091145833333333,0.0,0.07634408602150537,1.0,1.0,0.0,0.0,0.1869844276094276,0.4721518987341773,0.4430379746835443,0.3952754498341015,,True,False,False,False
1.2.0,local-degradation-aware-lemonade-reselection,pilot-011,n4,n71,behavioral,0.2,0,100,243,3,36,5,3,12,node_score_aware_delta_0.90,3,0.9158444158444158,0.9814436867437988,0.5247395833333334,0.47526041666666663,0.0,0.037037037037037035,1.0,1.0,0.0,0.0,0.17200757575757575,0.988,0.48,0.38850950910094956,0.9,True,True,True,False
1.2.0,local-degradation-aware-lemonade-reselection,pilot-011,n4,n71,behavioral,0.2,0,100,243,3,36,5,3,12,degradation_aware_delta_0.90,3,0.9158444158444158,0.9814436867437988,0.4791666666666667,0.5208333333333333,0.0,0.0,1.0,1.0,0.0,0.0,0.20052609427609425,0.48823529411764705,0.4117647058823529,0.3718308866132342,0.9,True,False,True,False
1.2.0,local-degradation-aware-lemonade-reselection,pilot-011,n4,n71,behavioral,0.2,0,100,243,3,36,5,3,12,degradation_aware_delta_0.85,3,0.9331604331604332,1.0,0.5325520833333334,0.46744791666666663,0.0,0.07634408602150537,1.0,1.0,0.0,0.0,0.1869844276094276,0.4721518987341773,0.4430379746835443,0.3952754498341015,0.85,True,False,False,False
1.2.0,local-degradation-aware-lemonade-reselection,pilot-011,n4,n71,behavioral,0.2,0,100,243,3,36,5,3,12,degradation_aware_delta_0.80,3,0.9407361907361907,1.008118387049588,0.5416666666666666,0.45833333333333337,0.0,0.17037037037037037,1.0,1.0,0.0,0.0,0.17168837497784864,0.4363636363636364,0.48484848484848486,0.4026484251100661,0.8,True,True,False,False
1.2.0,local-degradation-aware-lemonade-reselection,pilot-012,n91,n54,random,0.2,20,100,262,3,36,5,1,1,lemonade_reset,1,0.0,0.0,0.484375,0.515625,0.0,0.0,1.0,0.0,1.0,1.0,0.375,2.5,0.0,0.6719141692550419,,True,False,False,False
1.2.0,local-degradation-aware-lemonade-reselection,pilot-012,n91,n54,random,0.2,20,100,262,3,36,5,1,1,node_score_aware_delta_0.90,1,0.0,0.0,0.45703125,0.54296875,0.0,0.0,1.0,0.0,1.0,1.0,0.375,2.5,0.0,0.6719141692550419,0.9,False,False,False,False
1.2.0,local-degradation-aware-lemonade-reselection,pilot-012,n91,n54,random,0.2,20,100,262,3,36,5,1,1,degradation_aware_delta_0.90,1,0.0,0.0,0.52734375,0.47265625,0.0,0.0,1.0,0.0,1.0,1.0,0.375,2.5,0.0,0.6719141692550419,0.9,False,False,False,False
1.2.0,local-degradation-aware-lemonade-reselection,pilot-012,n91,n54,random,0.2,20,100,262,3,36,5,1,1,degradation_aware_delta_0.85,1,0.0,0.0,0.4921875,0.5078125,0.0,0.0,1.0,0.0,1.0,1.0,0.375,2.5,0.0,0.6719141692550419,0.85,False,False,False,False
1.2.0,local-degradation-aware-lemonade-reselection,pilot-012,n91,n54,random,0.2,20,100,262,3,36,5,1,1,degradation_aware_delta_0.80,1,0.0,0.0,0.49609375,0.50390625,0.0,0.0,1.0,0.0,1.0,1.0,0.375,2.5,0.0,0.6719141692550419,0.8,False,False,False,False
1.2.0,local-degradation-aware-lemonade-reselection,pilot-012,n91,n54,targeted,0.2,20,100,262,3,36,5,1,1,lemonade_reset,1,0.0,0.0,0.484375,0.515625,0.0,0.0,1.0,1.0,0.0,0.0,0.375,2.5,0.0,0.6719141692550419,,True,False,False,False
1.2.0,local-degradation-aware-lemonade-reselection,pilot-012,n91,n54,targeted,0.2,20,100,262,3,36,5,1,1,node_score_aware_delta_0.90,1,0.0,0.0,0.45703125,0.54296875,0.0,0.0,1.0,1.0,0.0,0.0,0.375,2.5,0.0,0.6719141692550419,0.9,False,False,False,False
1.2.0,local-degradation-aware-lemonade-reselection,pilot-012,n91,n54,targeted,0.2,20,100,262,3,36,5,1,1,degradation_aware_delta_0.90,1,0.0,0.0,0.52734375,0.47265625,0.0,0.0,1.0,1.0,0.0,0.0,0.375,2.5,0.0,0.6719141692550419,0.9,False,False,False,False
1.2.0,local-degradation-aware-lemonade-reselection,pilot-012,n91,n54,targeted,0.2,20,100,262,3,36,5,1,1,degradation_aware_delta_0.85,1,0.0,0.0,0.4921875,0.5078125,0.0,0.0,1.0,1.0,0.0,0.0,0.375,2.5,0.0,0.6719141692550419,0.85,False,False,False,False
1.2.0,local-degradation-aware-lemonade-reselection,pilot-012,n91,n54,targeted,0.2,20,100,262,3,36,5,1,1,degradation_aware_delta_0.80,1,0.0,0.0,0.49609375,0.50390625,0.0,0.0,1.0,1.0,0.0,0.0,0.375,2.5,0.0,0.6719141692550419,0.8,False,False,False,False
1.2.0,local-degradation-aware-lemonade-reselection,pilot-012,n91,n54,behavioral,0.2,0,100,262,3,36,5,1,1,lemonade_reset,1,0.0,0.0,0.484375,0.515625,0.0,0.0,1.0,1.0,0.0,0.0,0.375,2.5,0.0,0.6719141692550419,,True,False,False,False
1.2.0,local-degradation-aware-lemonade-reselection,pilot-012,n91,n54,behavioral,0.2,0,100,262,3,36,5,1,1,node_score_aware_delta_0.90,1,0.0,0.0,0.45703125,0.54296875,0.0,0.0,1.0,1.0,0.0,0.0,0.375,2.5,0.0,0.6719141692550419,0.9,False,False,False,False
1.2.0,local-degradation-aware-lemonade-reselection,pilot-012,n91,n54,behavioral,0.2,0,100,262,3,36,5,1,1,degradation_aware_delta_0.90,1,0.0,0.0,0.52734375,0.47265625,0.0,0.0,1.0,1.0,0.0,0.0,0.375,2.5,0.0,0.6719141692550419,0.9,False,False,False,False
1.2.0,local-degradation-aware-lemonade-reselection,pilot-012,n91,n54,behavioral,0.2,0,100,262,3,36,5,1,1,degradation_aware_delta_0.85,1,0.0,0.0,0.4921875,0.5078125,0.0,0.0,1.0,1.0,0.0,0.0,0.375,2.5,0.0,0.6719141692550419,0.85,False,False,False,False
1.2.0,local-degradation-aware-lemonade-reselection,pilot-012,n91,n54,behavioral,0.2,0,100,262,3,36,5,1,1,degradation_aware_delta_0.80,1,0.0,0.0,0.49609375,0.50390625,0.0,0.0,1.0,1.0,0.0,0.0,0.375,2.5,0.0,0.6719141692550419,0.8,False,False,False,False
1.2.0,local-degradation-aware-lemonade-reselection,pilot-013,n93,n11,random,0.2,20,100,244,3,36,5,3,12,lemonade_reset,3,0.9220797720797721,1.0,0.4856770833333333,0.5143229166666667,0.0,0.03333333333333333,1.0,0.0,1.0,4.0,0.1596850861556744,0.8116279069767441,0.4883720930232558,0.39252902377205307,,True,False,False,False
1.2.0,local-degradation-aware-lemonade-reselection,pilot-013,n93,n11,random,0.2,20,100,244,3,36,5,3,12,node_score_aware_delta_0.90,3,0.9425925925925925,1.0222462536690868,0.5234375,0.4765625,0.0,0.03333333333333333,1.0,0.0,1.0,4.0,0.11024064171122994,0.8813953488372093,0.6046511627906976,0.37453758204847215,0.9,True,True,True,False
1.2.0,local-degradation-aware-lemonade-reselection,pilot-013,n93,n11,random,0.2,20,100,244,3,36,5,3,12,degradation_aware_delta_0.90,3,0.9459468902865128,1.0258840058413903,0.4895833333333333,0.5104166666666667,0.0,0.020833333333333332,1.0,0.0,1.0,4.333333333333333,0.12326533306925463,0.7218181818181819,0.6,0.3784377493734208,0.9,True,True,True,True
1.2.0,local-degradation-aware-lemonade-reselection,pilot-013,n93,n11,random,0.2,20,100,244,3,36,5,3,12,degradation_aware_delta_0.85,3,0.9425925925925925,1.0222462536690868,0.5182291666666666,0.48177083333333337,0.0,0.03333333333333333,1.0,0.0,1.0,4.0,0.11024064171122994,0.8813953488372093,0.6046511627906976,0.37453758204847215,0.85,True,True,True,True
1.2.0,local-degradation-aware-lemonade-reselection,pilot-013,n93,n11,random,0.2,20,100,244,3,36,5,3,12,degradation_aware_delta_0.80,3,0.9544973544973545,1.0351570258877536,0.48828125,0.51171875,0.0,0.020833333333333332,1.0,0.0,1.0,4.333333333333333,0.12247549019607844,0.6884615384615386,0.5961538461538461,0.3871872640740659,0.8,True,True,True,True
1.2.0,local-degradation-aware-lemonade-reselection,pilot-013,n93,n11,targeted,0.2,20,100,244,3,36,5,3,12,lemonade_reset,3,0.9220797720797721,1.0,0.4856770833333333,0.5143229166666667,0.0,0.03333333333333333,1.0,0.0,1.0,4.333333333333333,0.1596850861556744,0.8116279069767441,0.4883720930232558,0.39252902377205307,,True,False,False,False
1.2.0,local-degradation-aware-lemonade-reselection,pilot-013,n93,n11,targeted,0.2,20,100,244,3,36,5,3,12,node_score_aware_delta_0.90,3,0.9425925925925925,1.0222462536690868,0.5234375,0.4765625,0.0,0.03333333333333333,1.0,0.0,1.0,5.333333333333333,0.11024064171122994,0.8813953488372093,0.6046511627906976,0.37453758204847215,0.9,True,True,True,False
1.2.0,local-degradation-aware-lemonade-reselection,pilot-013,n93,n11,targeted,0.2,20,100,244,3,36,5,3,12,degradation_aware_delta_0.90,3,0.9459468902865128,1.0258840058413903,0.4895833333333333,0.5104166666666667,0.0,0.020833333333333332,1.0,0.0,1.0,5.666666666666667,0.12326533306925463,0.7218181818181819,0.6,0.3784377493734208,0.9,True,True,True,True
1.2.0,local-degradation-aware-lemonade-reselection,pilot-013,n93,n11,targeted,0.2,20,100,244,3,36,5,3,12,degradation_aware_delta_0.85,3,0.9425925925925925,1.0222462536690868,0.5182291666666666,0.48177083333333337,0.0,0.03333333333333333,1.0,0.0,1.0,5.333333333333333,0.11024064171122994,0.8813953488372093,0.6046511627906976,0.37453758204847215,0.85,True,True,True,True
1.2.0,local-degradation-aware-lemonade-reselection,pilot-013,n93,n11,targeted,0.2,20,100,244,3,36,5,3,12,degradation_aware_delta_0.80,3,0.9544973544973545,1.0351570258877536,0.48828125,0.51171875,0.0,0.020833333333333332,1.0,0.0,1.0,5.0,0.12247549019607844,0.6884615384615386,0.5961538461538461,0.3871872640740659,0.8,True,True,True,True
1.2.0,local-degradation-aware-lemonade-reselection,pilot-013,n93,n11,behavioral,0.2,0,100,244,3,36,5,3,12,lemonade_reset,3,0.9220797720797721,1.0,0.4856770833333333,0.5143229166666667,0.0,0.03333333333333333,1.0,1.0,0.0,0.0,0.1596850861556744,0.8116279069767441,0.4883720930232558,0.39252902377205307,,True,False,False,False
1.2.0,local-degradation-aware-lemonade-reselection,pilot-013,n93,n11,behavioral,0.2,0,100,244,3,36,5,3,12,node_score_aware_delta_0.90,3,0.9425925925925925,1.0222462536690868,0.5234375,0.4765625,0.0,0.03333333333333333,1.0,1.0,0.0,0.0,0.11024064171122994,0.8813953488372093,0.6046511627906976,0.37453758204847215,0.9,True,True,True,False
1.2.0,local-degradation-aware-lemonade-reselection,pilot-013,n93,n11,behavioral,0.2,0,100,244,3,36,5,3,12,degradation_aware_delta_0.90,3,0.9459468902865128,1.0258840058413903,0.4895833333333333,0.5104166666666667,0.0,0.020833333333333332,1.0,1.0,0.0,0.0,0.12326533306925463,0.7218181818181819,0.6,0.3784377493734208,0.9,True,True,True,True
1.2.0,local-degradation-aware-lemonade-reselection,pilot-013,n93,n11,behavioral,0.2,0,100,244,3,36,5,3,12,degradation_aware_delta_0.85,3,0.9425925925925925,1.0222462536690868,0.5182291666666666,0.48177083333333337,0.0,0.03333333333333333,1.0,1.0,0.0,0.0,0.11024064171122994,0.8813953488372093,0.6046511627906976,0.37453758204847215,0.85,True,True,True,True
1.2.0,local-degradation-aware-lemonade-reselection,pilot-013,n93,n11,behavioral,0.2,0,100,244,3,36,5,3,12,degradation_aware_delta_0.80,3,0.9544973544973545,1.0351570258877536,0.48828125,0.51171875,0.0,0.020833333333333332,1.0,1.0,0.0,0.0,0.12247549019607844,0.6884615384615386,0.5961538461538461,0.3871872640740659,0.8,True,True,True,True
1.2.0,local-degradation-aware-lemonade-reselection,pilot-014,n32,n58,random,0.2,20,100,288,3,36,5,3,12,lemonade_reset,3,0.9144522673934438,1.0,0.4765625,0.5234375,0.0,0.125,1.0,0.0,1.0,2.6666666666666665,0.16024886877828054,1.3923076923076922,0.2153846153846154,0.40925853654215993,,True,False,False,False
1.2.0,local-degradation-aware-lemonade-reselection,pilot-014,n32,n58,random,0.2,20,100,288,3,36,5,3,12,node_score_aware_delta_0.90,3,0.9108108108108107,0.9960178822750227,0.5182291666666666,0.48177083333333337,0.0,0.10526315789473684,1.0,0.0,1.0,3.6666666666666665,0.12958333333333333,1.356,0.25333333333333335,0.3788119797771871,0.9,True,True,True,False
1.2.0,local-degradation-aware-lemonade-reselection,pilot-014,n32,n58,random,0.2,20,100,288,3,36,5,3,12,degradation_aware_delta_0.90,3,0.921921921921922,1.0081684466153382,0.4986979166666667,0.5013020833333333,0.0,0.14574898785425103,1.0,0.0,1.0,2.6666666666666665,0.14601190476190476,1.4043478260869566,0.2318840579710145,0.3923604733082653,0.9,True,True,True,True
1.2.0,local-degradation-aware-lemonade-reselection,pilot-014,n32,n58,random,0.2,20,100,288,3,36,5,3,12,degradation_aware_delta_0.85,3,0.9203346203346204,1.0064326517095787,0.5078125,0.4921875,0.0,0.1286549707602339,1.0,0.0,1.0,2.6666666666666665,0.1460576923076923,1.3529411764705883,0.22058823529411764,0.39978564452273035,0.85,True,True,True,True
1.2.0,local-degradation-aware-lemonade-reselection,pilot-014,n32,n58,random,0.2,20,100,288,3,36,5,3,12,degradation_aware_delta_0.80,3,0.9274774774774776,1.0142437287854957,0.47265625,0.52734375,0.0,0.14717348927875243,1.0,0.0,1.0,3.6666666666666665,0.12875,1.3,0.2972972972972973,0.3825673773766354,0.8,True,True,True,True
1.2.0,local-degradation-aware-lemonade-reselection,pilot-014,n32,n58,targeted,0.2,20,100,288,3,36,5,3,12,lemonade_reset,3,0.9144522673934438,1.0,0.4765625,0.5234375,0.0,0.125,1.0,0.0,1.0,7.0,0.16024886877828054,1.3923076923076922,0.2153846153846154,0.40925853654215993,,True,False,False,False
1.2.0,local-degradation-aware-lemonade-reselection,pilot-014,n32,n58,targeted,0.2,20,100,288,3,36,5,3,12,node_score_aware_delta_0.90,3,0.9108108108108107,0.9960178822750227,0.5182291666666666,0.48177083333333337,0.0,0.10526315789473684,1.0,0.0,1.0,8.0,0.12958333333333333,1.356,0.25333333333333335,0.3788119797771871,0.9,True,True,True,False
1.2.0,local-degradation-aware-lemonade-reselection,pilot-014,n32,n58,targeted,0.2,20,100,288,3,36,5,3,12,degradation_aware_delta_0.90,3,0.921921921921922,1.0081684466153382,0.4986979166666667,0.5013020833333333,0.0,0.14574898785425103,1.0,0.0,1.0,6.666666666666667,0.14601190476190476,1.4043478260869566,0.2318840579710145,0.3923604733082653,0.9,True,True,True,True
1.2.0,local-degradation-aware-lemonade-reselection,pilot-014,n32,n58,targeted,0.2,20,100,288,3,36,5,3,12,degradation_aware_delta_0.85,3,0.9203346203346204,1.0064326517095787,0.5078125,0.4921875,0.0,0.1286549707602339,1.0,0.0,1.0,7.0,0.1460576923076923,1.3529411764705883,0.22058823529411764,0.39978564452273035,0.85,True,True,True,True
1.2.0,local-degradation-aware-lemonade-reselection,pilot-014,n32,n58,targeted,0.2,20,100,288,3,36,5,3,12,degradation_aware_delta_0.80,3,0.9274774774774776,1.0142437287854957,0.47265625,0.52734375,0.0,0.14717348927875243,1.0,0.0,1.0,7.0,0.12875,1.3,0.2972972972972973,0.3825673773766354,0.8,True,True,True,True
1.2.0,local-degradation-aware-lemonade-reselection,pilot-014,n32,n58,behavioral,0.2,0,100,288,3,36,5,3,12,lemonade_reset,3,0.9144522673934438,1.0,0.4765625,0.5234375,0.0,0.125,1.0,1.0,0.0,0.0,0.16024886877828054,1.3923076923076922,0.2153846153846154,0.40925853654215993,,True,False,False,False
1.2.0,local-degradation-aware-lemonade-reselection,pilot-014,n32,n58,behavioral,0.2,0,100,288,3,36,5,3,12,node_score_aware_delta_0.90,3,0.9108108108108107,0.9960178822750227,0.5182291666666666,0.48177083333333337,0.0,0.10526315789473684,1.0,1.0,0.0,0.0,0.12958333333333333,1.356,0.25333333333333335,0.3788119797771871,0.9,True,True,True,False
1.2.0,local-degradation-aware-lemonade-reselection,pilot-014,n32,n58,behavioral,0.2,0,100,288,3,36,5,3,12,degradation_aware_delta_0.90,3,0.921921921921922,1.0081684466153382,0.4986979166666667,0.5013020833333333,0.0,0.14574898785425103,1.0,1.0,0.0,0.0,0.14601190476190476,1.4043478260869566,0.2318840579710145,0.3923604733082653,0.9,True,True,True,True
1.2.0,local-degradation-aware-lemonade-reselection,pilot-014,n32,n58,behavioral,0.2,0,100,288,3,36,5,3,12,degradation_aware_delta_0.85,3,0.9203346203346204,1.0064326517095787,0.5078125,0.4921875,0.0,0.1286549707602339,1.0,1.0,0.0,0.0,0.1460576923076923,1.3529411764705883,0.22058823529411764,0.39978564452273035,0.85,True,True,True,True
1.2.0,local-degradation-aware-lemonade-reselection,pilot-014,n32,n58,behavioral,0.2,0,100,288,3,36,5,3,12,degradation_aware_delta_0.80,3,0.9274774774774776,1.0142437287854957,0.47265625,0.52734375,0.0,0.14717348927875243,1.0,1.0,0.0,0.0,0.12875,1.3,0.2972972972972973,0.3825673773766354,0.8,True,True,True,True
1.2.0,local-degradation-aware-lemonade-reselection,pilot-015,n68,n14,random,0.2,20,100,242,3,36,5,3,12,lemonade_reset,3,0.8742424242424244,1.0,0.4973958333333333,0.5026041666666667,0.0,0.09444444444444444,1.0,0.3333333333333333,0.6666666666666666,4.0,0.21189343810311553,0.652,0.5,0.3690211256785633,,True,False,False,False
1.2.0,local-degradation-aware-lemonade-reselection,pilot-015,n68,n14,random,0.2,20,100,242,3,36,5,3,12,node_score_aware_delta_0.90,3,0.9272727272727272,1.0606585788561522,0.5052083333333334,0.49479166666666663,0.0,0.1706349206349206,1.0,0.3333333333333333,0.6666666666666666,4.0,0.18446288254755996,0.6423076923076922,0.5192307692307693,0.36487832150785954,0.9,True,True,True,False
1.2.0,local-degradation-aware-lemonade-reselection,pilot-015,n68,n14,random,0.2,20,100,242,3,36,5,3,12,degradation_aware_delta_0.90,3,0.9104377104377104,1.0414018871557864,0.46875,0.53125,0.0,0.13333333333333333,1.0,0.3333333333333333,0.6666666666666666,2.0,0.17908653846153846,1.0999999999999999,0.4444444444444444,0.39166180867605327,0.9,True,True,False,False
1.2.0,local-degradation-aware-lemonade-reselection,pilot-015,n68,n14,random,0.2,20,100,242,3,36,5,3,12,degradation_aware_delta_0.85,3,0.9205387205387204,1.052955902176006,0.5390625,0.4609375,0.0,0.16111111111111112,1.0,0.0,1.0,4.666666666666667,0.16050454921422663,0.7,0.52,0.38912501355411305,0.85,True,True,False,False
1.2.0,local-degradation-aware-lemonade-reselection,pilot-015,n68,n14,random,0.2,20,100,242,3,36,5,3,12,degradation_aware_delta_0.80,3,0.9205387205387204,1.052955902176006,0.48046875,0.51953125,0.0,0.16111111111111112,1.0,0.0,1.0,4.666666666666667,0.16050454921422663,0.7,0.52,0.38912501355411305,0.8,True,True,False,False
1.2.0,local-degradation-aware-lemonade-reselection,pilot-015,n68,n14,targeted,0.2,20,100,242,3,36,5,3,12,lemonade_reset,3,0.8742424242424244,1.0,0.4973958333333333,0.5026041666666667,0.0,0.09444444444444444,1.0,0.0,1.0,5.333333333333333,0.21189343810311553,0.652,0.5,0.3690211256785633,,True,False,False,False
1.2.0,local-degradation-aware-lemonade-reselection,pilot-015,n68,n14,targeted,0.2,20,100,242,3,36,5,3,12,node_score_aware_delta_0.90,3,0.9272727272727272,1.0606585788561522,0.5052083333333334,0.49479166666666663,0.0,0.1706349206349206,1.0,0.0,1.0,5.333333333333333,0.18446288254755996,0.6423076923076922,0.5192307692307693,0.36487832150785954,0.9,True,True,True,False
1.2.0,local-degradation-aware-lemonade-reselection,pilot-015,n68,n14,targeted,0.2,20,100,242,3,36,5,3,12,degradation_aware_delta_0.90,3,0.9104377104377104,1.0414018871557864,0.46875,0.53125,0.0,0.13333333333333333,1.0,0.0,1.0,3.6666666666666665,0.17908653846153846,1.0999999999999999,0.4444444444444444,0.39166180867605327,0.9,True,True,False,False
1.2.0,local-degradation-aware-lemonade-reselection,pilot-015,n68,n14,targeted,0.2,20,100,242,3,36,5,3,12,degradation_aware_delta_0.85,3,0.9205387205387204,1.052955902176006,0.5390625,0.4609375,0.0,0.16111111111111112,1.0,0.0,1.0,5.333333333333333,0.16050454921422663,0.7,0.52,0.38912501355411305,0.85,True,True,False,False
1.2.0,local-degradation-aware-lemonade-reselection,pilot-015,n68,n14,targeted,0.2,20,100,242,3,36,5,3,12,degradation_aware_delta_0.80,3,0.9205387205387204,1.052955902176006,0.48046875,0.51953125,0.0,0.16111111111111112,1.0,0.0,1.0,5.333333333333333,0.16050454921422663,0.7,0.52,0.38912501355411305,0.8,True,True,False,False
1.2.0,local-degradation-aware-lemonade-reselection,pilot-015,n68,n14,behavioral,0.2,0,100,242,3,36,5,3,12,lemonade_reset,3,0.8742424242424244,1.0,0.4973958333333333,0.5026041666666667,0.0,0.09444444444444444,1.0,1.0,0.0,0.0,0.21189343810311553,0.652,0.5,0.3690211256785633,,True,False,False,False
1.2.0,local-degradation-aware-lemonade-reselection,pilot-015,n68,n14,behavioral,0.2,0,100,242,3,36,5,3,12,node_score_aware_delta_0.90,3,0.9272727272727272,1.0606585788561522,0.5052083333333334,0.49479166666666663,0.0,0.1706349206349206,1.0,1.0,0.0,0.0,0.18446288254755996,0.6423076923076922,0.5192307692307693,0.36487832150785954,0.9,True,True,True,False
1.2.0,local-degradation-aware-lemonade-reselection,pilot-015,n68,n14,behavioral,0.2,0,100,242,3,36,5,3,12,degradation_aware_delta_0.90,3,0.9104377104377104,1.0414018871557864,0.46875,0.53125,0.0,0.13333333333333333,1.0,1.0,0.0,0.0,0.17908653846153846,1.0999999999999999,0.4444444444444444,0.39166180867605327,0.9,True,True,False,False
1.2.0,local-degradation-aware-lemonade-reselection,pilot-015,n68,n14,behavioral,0.2,0,100,242,3,36,5,3,12,degradation_aware_delta_0.85,3,0.9205387205387204,1.052955902176006,0.5390625,0.4609375,0.0,0.16111111111111112,1.0,1.0,0.0,0.0,0.16050454921422663,0.7,0.52,0.38912501355411305,0.85,True,True,False,False
1.2.0,local-degradation-aware-lemonade-reselection,pilot-015,n68,n14,behavioral,0.2,0,100,242,3,36,5,3,12,degradation_aware_delta_0.80,3,0.9205387205387204,1.052955902176006,0.48046875,0.51953125,0.0,0.16111111111111112,1.0,1.0,0.0,0.0,0.16050454921422663,0.7,0.52,0.38912501355411305,0.8,True,True,False,False
1.2.0,local-degradation-aware-lemonade-reselection,pilot-016,n12,n65,random,0.2,20,100,244,3,36,5,3,12,lemonade_reset,3,0.9287651046271735,1.0,0.5416666666666666,0.45833333333333337,0.0,0.06060606060606061,1.0,0.0,1.0,2.0,0.17013888888888887,1.4166666666666667,0.2777777777777778,0.3880901254984252,,True,False,False,False
1.2.0,local-degradation-aware-lemonade-reselection,pilot-016,n12,n65,random,0.2,20,100,244,3,36,5,3,12,node_score_aware_delta_0.90,3,0.918961818961819,0.989444816976312,0.48828125,0.51171875,0.0,0.13875598086124402,1.0,0.0,1.0,3.6666666666666665,0.13145833333333332,1.2678571428571428,0.39285714285714285,0.3804075647908562,0.9,True,True,True,False
1.2.0,local-degradation-aware-lemonade-reselection,pilot-016,n12,n65,random,0.2,20,100,244,3,36,5,3,12,degradation_aware_delta_0.90,3,0.9240031998652688,0.9948728642601012,0.4791666666666667,0.5208333333333333,0.0,0.06060606060606061,1.0,0.0,1.0,1.6666666666666667,0.15055555555555555,1.2727272727272727,0.3409090909090909,0.38208333577941184,0.9,True,True,True,True
1.2.0,local-degradation-aware-lemonade-reselection,pilot-016,n12,n65,random,0.2,20,100,244,3,36,5,3,12,degradation_aware_delta_0.85,3,0.9473748473748475,1.0200370822019031,0.4830729166666667,0.5169270833333333,0.0,0.0909090909090909,1.0,0.0,1.0,2.0,0.16513888888888886,1.3818181818181818,0.2727272727272727,0.39916658836190094,0.85,True,True,False,False
1.2.0,local-degradation-aware-lemonade-reselection,pilot-016,n12,n65,random,0.2,20,100,244,3,36,5,3,12,degradation_aware_delta_0.80,3,0.8787908787908787,0.9461928257346021,0.51171875,0.48828125,0.0,0.10087719298245613,1.0,0.0,1.0,3.6666666666666665,0.11158653846153847,1.131578947368421,0.5087719298245614,0.36461358154686657,0.8,True,True,True,True
1.2.0,local-degradation-aware-lemonade-reselection,pilot-016,n12,n65,targeted,0.2,20,100,244,3,36,5,3,12,lemonade_reset,3,0.9287651046271735,1.0,0.5416666666666666,0.45833333333333337,0.0,0.06060606060606061,1.0,0.0,1.0,3.0,0.17013888888888887,1.4166666666666667,0.2777777777777778,0.3880901254984252,,True,False,False,False
1.2.0,local-degradation-aware-lemonade-reselection,pilot-016,n12,n65,targeted,0.2,20,100,244,3,36,5,3,12,node_score_aware_delta_0.90,3,0.918961818961819,0.989444816976312,0.48828125,0.51171875,0.0,0.13875598086124402,1.0,0.0,1.0,5.333333333333333,0.13145833333333332,1.2678571428571428,0.39285714285714285,0.3804075647908562,0.9,True,True,True,False
1.2.0,local-degradation-aware-lemonade-reselection,pilot-016,n12,n65,targeted,0.2,20,100,244,3,36,5,3,12,degradation_aware_delta_0.90,3,0.9240031998652688,0.9948728642601012,0.4791666666666667,0.5208333333333333,0.0,0.06060606060606061,1.0,0.0,1.0,4.333333333333333,0.15055555555555555,1.2727272727272727,0.3409090909090909,0.38208333577941184,0.9,True,True,True,True
1.2.0,local-degradation-aware-lemonade-reselection,pilot-016,n12,n65,targeted,0.2,20,100,244,3,36,5,3,12,degradation_aware_delta_0.85,3,0.9473748473748475,1.0200370822019031,0.4830729166666667,0.5169270833333333,0.0,0.0909090909090909,1.0,0.0,1.0,4.333333333333333,0.16513888888888886,1.3818181818181818,0.2727272727272727,0.39916658836190094,0.85,True,True,False,False
1.2.0,local-degradation-aware-lemonade-reselection,pilot-016,n12,n65,targeted,0.2,20,100,244,3,36,5,3,12,degradation_aware_delta_0.80,3,0.8787908787908787,0.9461928257346021,0.51171875,0.48828125,0.0,0.10087719298245613,1.0,0.0,1.0,5.0,0.11158653846153847,1.131578947368421,0.5087719298245614,0.36461358154686657,0.8,True,True,True,True
1.2.0,local-degradation-aware-lemonade-reselection,pilot-016,n12,n65,behavioral,0.2,0,100,244,3,36,5,3,12,lemonade_reset,3,0.9287651046271735,1.0,0.5416666666666666,0.45833333333333337,0.0,0.06060606060606061,1.0,1.0,0.0,0.0,0.17013888888888887,1.4166666666666667,0.2777777777777778,0.3880901254984252,,True,False,False,False
1.2.0,local-degradation-aware-lemonade-reselection,pilot-016,n12,n65,behavioral,0.2,0,100,244,3,36,5,3,12,node_score_aware_delta_0.90,3,0.918961818961819,0.989444816976312,0.48828125,0.51171875,0.0,0.13875598086124402,1.0,1.0,0.0,0.0,0.13145833333333332,1.2678571428571428,0.39285714285714285,0.3804075647908562,0.9,True,True,True,False
1.2.0,local-degradation-aware-lemonade-reselection,pilot-016,n12,n65,behavioral,0.2,0,100,244,3,36,5,3,12,degradation_aware_delta_0.90,3,0.9240031998652688,0.9948728642601012,0.4791666666666667,0.5208333333333333,0.0,0.06060606060606061,1.0,1.0,0.0,0.0,0.15055555555555555,1.2727272727272727,0.3409090909090909,0.38208333577941184,0.9,True,True,True,True
1.2.0,local-degradation-aware-lemonade-reselection,pilot-016,n12,n65,behavioral,0.2,0,100,244,3,36,5,3,12,degradation_aware_delta_0.85,3,0.9473748473748475,1.0200370822019031,0.4830729166666667,0.5169270833333333,0.0,0.0909090909090909,1.0,1.0,0.0,0.0,0.16513888888888886,1.3818181818181818,0.2727272727272727,0.39916658836190094,0.85,True,True,False,False
1.2.0,local-degradation-aware-lemonade-reselection,pilot-016,n12,n65,behavioral,0.2,0,100,244,3,36,5,3,12,degradation_aware_delta_0.80,3,0.8787908787908787,0.9461928257346021,0.51171875,0.48828125,0.0,0.10087719298245613,1.0,1.0,0.0,0.0,0.11158653846153847,1.131578947368421,0.5087719298245614,0.36461358154686657,0.8,True,True,True,True
1.2.0,local-degradation-aware-lemonade-reselection,pilot-017,n88,n25,random,0.2,20,100,252,3,36,5,3,12,lemonade_reset,3,0.9233207784055241,1.0,0.4921875,0.5078125,0.0,0.1467432950191571,1.0,0.0,1.0,9.0,0.16935140700068632,1.572222222222222,0.21296296296296297,0.3759543974569693,,True,False,False,False
1.2.0,local-degradation-aware-lemonade-reselection,pilot-017,n88,n25,random,0.2,20,100,252,3,36,5,3,12,node_score_aware_delta_0.90,3,0.9129271206690562,0.988743177907881,0.4791666666666667,0.5208333333333333,0.0,0.05593869731800766,1.0,0.0,1.0,8.666666666666666,0.1727083809959582,1.5388888888888888,0.23148148148148148,0.39665332177334306,0.9,True,False,False,False
1.2.0,local-degradation-aware-lemonade-reselection,pilot-017,n88,n25,random,0.2,20,100,252,3,36,5,3,12,degradation_aware_delta_0.90,3,0.9476851851851852,1.0263878029710714,0.5052083333333334,0.49479166666666663,0.0,0.2111111111111111,1.0,0.0,1.0,8.666666666666666,0.17198581560283688,1.5697247706422017,0.2018348623853211,0.3837144012919708,0.9,True,False,False,False
1.2.0,local-degradation-aware-lemonade-reselection,pilot-017,n88,n25,random,0.2,20,100,252,3,36,5,3,12,degradation_aware_delta_0.85,3,0.9129271206690562,0.988743177907881,0.4921875,0.5078125,0.0,0.05593869731800766,1.0,0.0,1.0,8.666666666666666,0.1727083809959582,1.5388888888888888,0.23148148148148148,0.39665332177334306,0.85,True,False,False,False
1.2.0,local-degradation-aware-lemonade-reselection,pilot-017,n88,n25,random,0.2,20,100,252,3,36,5,3,12,degradation_aware_delta_0.80,3,0.9476851851851852,1.0263878029710714,0.4947916666666667,0.5052083333333333,0.0,0.2111111111111111,1.0,0.0,1.0,8.666666666666666,0.17198581560283688,1.5697247706422017,0.2018348623853211,0.3837144012919708,0.8,True,False,False,False
1.2.0,local-degradation-aware-lemonade-reselection,pilot-017,n88,n25,targeted,0.2,20,100,252,3,36,5,3,12,lemonade_reset,3,0.9233207784055241,1.0,0.4921875,0.5078125,0.0,0.1467432950191571,1.0,0.0,1.0,10.333333333333334,0.16935140700068632,1.572222222222222,0.21296296296296297,0.3759543974569693,,True,False,False,False
1.2.0,local-degradation-aware-lemonade-reselection,pilot-017,n88,n25,targeted,0.2,20,100,252,3,36,5,3,12,node_score_aware_delta_0.90,3,0.9129271206690562,0.988743177907881,0.4791666666666667,0.5208333333333333,0.0,0.05593869731800766,1.0,0.0,1.0,10.666666666666666,0.1727083809959582,1.5388888888888888,0.23148148148148148,0.39665332177334306,0.9,True,False,False,False
1.2.0,local-degradation-aware-lemonade-reselection,pilot-017,n88,n25,targeted,0.2,20,100,252,3,36,5,3,12,degradation_aware_delta_0.90,3,0.9476851851851852,1.0263878029710714,0.5052083333333334,0.49479166666666663,0.0,0.2111111111111111,1.0,0.0,1.0,11.0,0.17198581560283688,1.5697247706422017,0.2018348623853211,0.3837144012919708,0.9,True,False,False,False
1.2.0,local-degradation-aware-lemonade-reselection,pilot-017,n88,n25,targeted,0.2,20,100,252,3,36,5,3,12,degradation_aware_delta_0.85,3,0.9129271206690562,0.988743177907881,0.4921875,0.5078125,0.0,0.05593869731800766,1.0,0.0,1.0,10.666666666666666,0.1727083809959582,1.5388888888888888,0.23148148148148148,0.39665332177334306,0.85,True,False,False,False
1.2.0,local-degradation-aware-lemonade-reselection,pilot-017,n88,n25,targeted,0.2,20,100,252,3,36,5,3,12,degradation_aware_delta_0.80,3,0.9476851851851852,1.0263878029710714,0.4947916666666667,0.5052083333333333,0.0,0.2111111111111111,1.0,0.0,1.0,11.0,0.17198581560283688,1.5697247706422017,0.2018348623853211,0.3837144012919708,0.8,True,False,False,False
1.2.0,local-degradation-aware-lemonade-reselection,pilot-017,n88,n25,behavioral,0.2,0,100,252,3,36,5,3,12,lemonade_reset,3,0.9233207784055241,1.0,0.4921875,0.5078125,0.0,0.1467432950191571,1.0,1.0,0.0,0.0,0.16935140700068632,1.572222222222222,0.21296296296296297,0.3759543974569693,,True,False,False,False
1.2.0,local-degradation-aware-lemonade-reselection,pilot-017,n88,n25,behavioral,0.2,0,100,252,3,36,5,3,12,node_score_aware_delta_0.90,3,0.9129271206690562,0.988743177907881,0.4791666666666667,0.5208333333333333,0.0,0.05593869731800766,1.0,1.0,0.0,0.0,0.1727083809959582,1.5388888888888888,0.23148148148148148,0.39665332177334306,0.9,True,False,False,False
1.2.0,local-degradation-aware-lemonade-reselection,pilot-017,n88,n25,behavioral,0.2,0,100,252,3,36,5,3,12,degradation_aware_delta_0.90,3,0.9476851851851852,1.0263878029710714,0.5052083333333334,0.49479166666666663,0.0,0.2111111111111111,1.0,1.0,0.0,0.0,0.17198581560283688,1.5697247706422017,0.2018348623853211,0.3837144012919708,0.9,True,False,False,False
1.2.0,local-degradation-aware-lemonade-reselection,pilot-017,n88,n25,behavioral,0.2,0,100,252,3,36,5,3,12,degradation_aware_delta_0.85,3,0.9129271206690562,0.988743177907881,0.4921875,0.5078125,0.0,0.05593869731800766,1.0,1.0,0.0,0.0,0.1727083809959582,1.5388888888888888,0.23148148148148148,0.39665332177334306,0.85,True,False,False,False
1.2.0,local-degradation-aware-lemonade-reselection,pilot-017,n88,n25,behavioral,0.2,0,100,252,3,36,5,3,12,degradation_aware_delta_0.80,3,0.9476851851851852,1.0263878029710714,0.4947916666666667,0.5052083333333333,0.0,0.2111111111111111,1.0,1.0,0.0,0.0,0.17198581560283688,1.5697247706422017,0.2018348623853211,0.3837144012919708,0.8,True,False,False,False
1.2.0,local-degradation-aware-lemonade-reselection,pilot-018,n54,n14,random,0.2,20,100,225,3,36,5,3,12,lemonade_reset,3,0.9684873949579832,1.0,0.5052083333333334,0.49479166666666663,0.0,0.06734006734006734,1.0,0.0,1.0,3.0,0.13101190476190475,0.9210526315789473,0.5263157894736842,0.3681009989451755,,True,False,False,False
1.2.0,local-degradation-aware-lemonade-reselection,pilot-018,n54,n14,random,0.2,20,100,225,3,36,5,3,12,node_score_aware_delta_0.90,3,0.9684873949579832,1.0,0.4986979166666667,0.5013020833333333,0.0,0.06734006734006734,1.0,0.0,1.0,3.0,0.13101190476190475,0.9210526315789473,0.5263157894736842,0.3681009989451755,0.9,True,False,False,False
1.2.0,local-degradation-aware-lemonade-reselection,pilot-018,n54,n14,random,0.2,20,100,225,3,36,5,3,12,degradation_aware_delta_0.90,3,0.9880952380952381,1.0202458423716558,0.53125,0.46875,0.0,0.05555555555555555,1.0,0.0,1.0,2.0,0.15845238095238093,1.2181818181818183,0.4090909090909091,0.4124817982636171,0.9,True,False,False,False
1.2.0,local-degradation-aware-lemonade-reselection,pilot-018,n54,n14,random,0.2,20,100,225,3,36,5,3,12,degradation_aware_delta_0.85,3,0.9880952380952381,1.0202458423716558,0.4830729166666667,0.5169270833333333,0.0,0.16666666666666666,1.0,0.0,1.0,2.6666666666666665,0.15458333333333332,1.1666666666666667,0.4444444444444444,0.3888062910507753,0.85,True,False,False,False
1.2.0,local-degradation-aware-lemonade-reselection,pilot-018,n54,n14,random,0.2,20,100,225,3,36,5,3,12,degradation_aware_delta_0.80,3,0.9803921568627452,1.0122921185827911,0.5052083333333334,0.49479166666666663,0.0,0.05555555555555555,1.0,0.0,1.0,2.0,0.1357142857142857,0.9425531914893617,0.5106382978723404,0.4218428287876324,0.8,True,False,False,False
1.2.0,local-degradation-aware-lemonade-reselection,pilot-018,n54,n14,targeted,0.2,20,100,225,3,36,5,3,12,lemonade_reset,3,0.9684873949579832,1.0,0.5052083333333334,0.49479166666666663,0.0,0.06734006734006734,1.0,0.0,1.0,5.666666666666667,0.13101190476190475,0.9210526315789473,0.5263157894736842,0.3681009989451755,,True,False,False,False
1.2.0,local-degradation-aware-lemonade-reselection,pilot-018,n54,n14,targeted,0.2,20,100,225,3,36,5,3,12,node_score_aware_delta_0.90,3,0.9684873949579832,1.0,0.4986979166666667,0.5013020833333333,0.0,0.06734006734006734,1.0,0.0,1.0,5.666666666666667,0.13101190476190475,0.9210526315789473,0.5263157894736842,0.3681009989451755,0.9,True,False,False,False
1.2.0,local-degradation-aware-lemonade-reselection,pilot-018,n54,n14,targeted,0.2,20,100,225,3,36,5,3,12,degradation_aware_delta_0.90,3,0.9880952380952381,1.0202458423716558,0.53125,0.46875,0.0,0.05555555555555555,1.0,0.0,1.0,2.3333333333333335,0.15845238095238093,1.2181818181818183,0.4090909090909091,0.4124817982636171,0.9,True,False,False,False
1.2.0,local-degradation-aware-lemonade-reselection,pilot-018,n54,n14,targeted,0.2,20,100,225,3,36,5,3,12,degradation_aware_delta_0.85,3,0.9880952380952381,1.0202458423716558,0.4830729166666667,0.5169270833333333,0.0,0.16666666666666666,1.0,0.0,1.0,2.6666666666666665,0.15458333333333332,1.1666666666666667,0.4444444444444444,0.3888062910507753,0.85,True,False,False,False
1.2.0,local-degradation-aware-lemonade-reselection,pilot-018,n54,n14,targeted,0.2,20,100,225,3,36,5,3,12,degradation_aware_delta_0.80,3,0.9803921568627452,1.0122921185827911,0.5052083333333334,0.49479166666666663,0.0,0.05555555555555555,1.0,0.0,1.0,4.666666666666667,0.1357142857142857,0.9425531914893617,0.5106382978723404,0.4218428287876324,0.8,True,False,False,False
1.2.0,local-degradation-aware-lemonade-reselection,pilot-018,n54,n14,behavioral,0.2,0,100,225,3,36,5,3,12,lemonade_reset,3,0.9684873949579832,1.0,0.5052083333333334,0.49479166666666663,0.0,0.06734006734006734,1.0,1.0,0.0,0.0,0.13101190476190475,0.9210526315789473,0.5263157894736842,0.3681009989451755,,True,False,False,False
1.2.0,local-degradation-aware-lemonade-reselection,pilot-018,n54,n14,behavioral,0.2,0,100,225,3,36,5,3,12,node_score_aware_delta_0.90,3,0.9684873949579832,1.0,0.4986979166666667,0.5013020833333333,0.0,0.06734006734006734,1.0,1.0,0.0,0.0,0.13101190476190475,0.9210526315789473,0.5263157894736842,0.3681009989451755,0.9,True,False,False,False
1.2.0,local-degradation-aware-lemonade-reselection,pilot-018,n54,n14,behavioral,0.2,0,100,225,3,36,5,3,12,degradation_aware_delta_0.90,3,0.9880952380952381,1.0202458423716558,0.53125,0.46875,0.0,0.05555555555555555,1.0,1.0,0.0,0.0,0.15845238095238093,1.2181818181818183,0.4090909090909091,0.4124817982636171,0.9,True,False,False,False
1.2.0,local-degradation-aware-lemonade-reselection,pilot-018,n54,n14,behavioral,0.2,0,100,225,3,36,5,3,12,degradation_aware_delta_0.85,3,0.9880952380952381,1.0202458423716558,0.4830729166666667,0.5169270833333333,0.0,0.16666666666666666,1.0,1.0,0.0,0.0,0.15458333333333332,1.1666666666666667,0.4444444444444444,0.3888062910507753,0.85,True,False,False,False
1.2.0,local-degradation-aware-lemonade-reselection,pilot-018,n54,n14,behavioral,0.2,0,100,225,3,36,5,3,12,degradation_aware_delta_0.80,3,0.9803921568627452,1.0122921185827911,0.5052083333333334,0.49479166666666663,0.0,0.05555555555555555,1.0,1.0,0.0,0.0,0.1357142857142857,0.9425531914893617,0.5106382978723404,0.4218428287876324,0.8,True,False,False,False
1.2.0,local-degradation-aware-lemonade-reselection,pilot-019,n22,n90,random,0.2,20,100,252,3,36,5,3,12,lemonade_reset,3,0.9383267195767195,1.0,0.4778645833333333,0.5221354166666667,0.0,0.0,1.0,0.3333333333333333,0.6666666666666666,2.3333333333333335,0.1694312169312169,0.9142857142857143,0.4523809523809524,0.3992977975072209,,True,False,False,False
1.2.0,local-degradation-aware-lemonade-reselection,pilot-019,n22,n90,random,0.2,20,100,252,3,36,5,3,12,node_score_aware_delta_0.90,3,0.941856452726018,1.0037617314690674,0.5026041666666666,0.49739583333333337,0.0,0.10139860139860139,1.0,0.0,1.0,5.0,0.09300536420101636,0.662962962962963,0.654320987654321,0.3611701967853631,0.9,True,True,True,False
1.2.0,local-degradation-aware-lemonade-reselection,pilot-019,n22,n90,random,0.2,20,100,252,3,36,5,3,12,degradation_aware_delta_0.90,3,0.941856452726018,1.0037617314690674,0.5169270833333334,0.48307291666666663,0.0,0.10139860139860139,1.0,0.0,1.0,5.0,0.09300536420101636,0.662962962962963,0.654320987654321,0.3611701967853631,0.9,True,True,True,True
1.2.0,local-degradation-aware-lemonade-reselection,pilot-019,n22,n90,random,0.2,20,100,252,3,36,5,3,12,degradation_aware_delta_0.85,3,0.9497929606625259,1.012219881248803,0.5026041666666666,0.49739583333333337,0.0,0.08333333333333333,1.0,0.0,1.0,2.6666666666666665,0.1304296066252588,0.9428571428571428,0.5952380952380952,0.39109243551756506,0.85,True,True,True,True
1.2.0,local-degradation-aware-lemonade-reselection,pilot-019,n22,n90,random,0.2,20,100,252,3,36,5,3,12,degradation_aware_delta_0.80,3,0.9258374861572536,0.9866898883311136,0.5286458333333334,0.47135416666666663,0.0,0.06267806267806268,1.0,0.3333333333333333,0.6666666666666666,3.6666666666666665,0.13626623376623373,1.0130434782608695,0.5217391304347826,0.38733990850610006,0.8,True,True,True,True
1.2.0,local-degradation-aware-lemonade-reselection,pilot-019,n22,n90,targeted,0.2,20,100,252,3,36,5,3,12,lemonade_reset,3,0.9383267195767195,1.0,0.4778645833333333,0.5221354166666667,0.0,0.0,1.0,0.0,1.0,3.3333333333333335,0.1694312169312169,0.9142857142857143,0.4523809523809524,0.3992977975072209,,True,False,False,False
1.2.0,local-degradation-aware-lemonade-reselection,pilot-019,n22,n90,targeted,0.2,20,100,252,3,36,5,3,12,node_score_aware_delta_0.90,3,0.941856452726018,1.0037617314690674,0.5026041666666666,0.49739583333333337,0.0,0.10139860139860139,1.0,0.0,1.0,6.666666666666667,0.09300536420101636,0.662962962962963,0.654320987654321,0.3611701967853631,0.9,True,True,True,False
1.2.0,local-degradation-aware-lemonade-reselection,pilot-019,n22,n90,targeted,0.2,20,100,252,3,36,5,3,12,degradation_aware_delta_0.90,3,0.941856452726018,1.0037617314690674,0.5169270833333334,0.48307291666666663,0.0,0.10139860139860139,1.0,0.0,1.0,6.666666666666667,0.09300536420101636,0.662962962962963,0.654320987654321,0.3611701967853631,0.9,True,True,True,True
1.2.0,local-degradation-aware-lemonade-reselection,pilot-019,n22,n90,targeted,0.2,20,100,252,3,36,5,3,12,degradation_aware_delta_0.85,3,0.9497929606625259,1.012219881248803,0.5026041666666666,0.49739583333333337,0.0,0.08333333333333333,1.0,0.0,1.0,4.333333333333333,0.1304296066252588,0.9428571428571428,0.5952380952380952,0.39109243551756506,0.85,True,True,True,True
1.2.0,local-degradation-aware-lemonade-reselection,pilot-019,n22,n90,targeted,0.2,20,100,252,3,36,5,3,12,degradation_aware_delta_0.80,3,0.9258374861572536,0.9866898883311136,0.5286458333333334,0.47135416666666663,0.0,0.06267806267806268,1.0,0.0,1.0,3.6666666666666665,0.13626623376623373,1.0130434782608695,0.5217391304347826,0.38733990850610006,0.8,True,True,True,True
1.2.0,local-degradation-aware-lemonade-reselection,pilot-019,n22,n90,behavioral,0.2,0,100,252,3,36,5,3,12,lemonade_reset,3,0.9383267195767195,1.0,0.4778645833333333,0.5221354166666667,0.0,0.0,1.0,1.0,0.0,0.0,0.1694312169312169,0.9142857142857143,0.4523809523809524,0.3992977975072209,,True,False,False,False
1.2.0,local-degradation-aware-lemonade-reselection,pilot-019,n22,n90,behavioral,0.2,0,100,252,3,36,5,3,12,node_score_aware_delta_0.90,3,0.941856452726018,1.0037617314690674,0.5026041666666666,0.49739583333333337,0.0,0.10139860139860139,1.0,1.0,0.0,0.0,0.09300536420101636,0.662962962962963,0.654320987654321,0.3611701967853631,0.9,True,True,True,False
1.2.0,local-degradation-aware-lemonade-reselection,pilot-019,n22,n90,behavioral,0.2,0,100,252,3,36,5,3,12,degradation_aware_delta_0.90,3,0.941856452726018,1.0037617314690674,0.5169270833333334,0.48307291666666663,0.0,0.10139860139860139,1.0,1.0,0.0,0.0,0.09300536420101636,0.662962962962963,0.654320987654321,0.3611701967853631,0.9,True,True,True,True
1.2.0,local-degradation-aware-lemonade-reselection,pilot-019,n22,n90,behavioral,0.2,0,100,252,3,36,5,3,12,degradation_aware_delta_0.85,3,0.9497929606625259,1.012219881248803,0.5026041666666666,0.49739583333333337,0.0,0.08333333333333333,1.0,1.0,0.0,0.0,0.1304296066252588,0.9428571428571428,0.5952380952380952,0.39109243551756506,0.85,True,True,True,True
1.2.0,local-degradation-aware-lemonade-reselection,pilot-019,n22,n90,behavioral,0.2,0,100,252,3,36,5,3,12,degradation_aware_delta_0.80,3,0.9258374861572536,0.9866898883311136,0.5286458333333334,0.47135416666666663,0.0,0.06267806267806268,1.0,1.0,0.0,0.0,0.13626623376623373,1.0130434782608695,0.5217391304347826,0.38733990850610006,0.8,True,True,True,True
1.2.0,local-degradation-aware-lemonade-reselection,pilot-020,n53,n15,random,0.2,20,100,238,3,36,5,3,12,lemonade_reset,3,0.8700781019746536,1.0,0.4947916666666667,0.5052083333333333,0.0,0.18560606060606064,1.0,0.0,1.0,5.0,0.16537630307653192,1.3428571428571427,0.3142857142857143,0.4121890990334512,,True,False,False,False
1.2.0,local-degradation-aware-lemonade-reselection,pilot-020,n53,n15,random,0.2,20,100,238,3,36,5,3,12,node_score_aware_delta_0.90,3,0.8718660968660968,1.0020549820612488,0.5169270833333334,0.48307291666666663,0.0,0.2159090909090909,1.0,0.0,1.0,5.333333333333333,0.15347001296099916,1.2178082191780824,0.4246575342465753,0.4131766800403946,0.9,True,True,False,False
1.2.0,local-degradation-aware-lemonade-reselection,pilot-020,n53,n15,random,0.2,20,100,238,3,36,5,3,12,degradation_aware_delta_0.90,3,0.8964814814814815,1.03034598784512,0.4947916666666667,0.5052083333333333,0.0,0.21746880570409985,1.0,0.0,1.0,6.0,0.13883586661953576,1.3365853658536584,0.2804878048780488,0.40976187228668687,0.9,True,True,True,True
1.2.0,local-degradation-aware-lemonade-reselection,pilot-020,n53,n15,random,0.2,20,100,238,3,36,5,3,12,degradation_aware_delta_0.85,3,0.8976719576719576,1.0317142284522267,0.5091145833333334,0.49088541666666663,0.0,0.1781045751633987,1.0,0.0,1.0,5.666666666666667,0.143548050865124,1.225,0.375,0.4242534765800223,0.85,True,True,False,False
1.2.0,local-degradation-aware-lemonade-reselection,pilot-020,n53,n15,random,0.2,20,100,238,3,36,5,3,12,degradation_aware_delta_0.80,3,0.8976719576719576,1.0317142284522267,0.4947916666666667,0.5052083333333333,0.0,0.1781045751633987,1.0,0.0,1.0,5.666666666666667,0.143548050865124,1.225,0.375,0.4242534765800223,0.8,True,True,False,False
1.2.0,local-degradation-aware-lemonade-reselection,pilot-020,n53,n15,targeted,0.2,20,100,238,3,36,5,3,12,lemonade_reset,3,0.8700781019746536,1.0,0.4947916666666667,0.5052083333333333,0.0,0.18560606060606064,1.0,0.0,1.0,8.0,0.16537630307653192,1.3428571428571427,0.3142857142857143,0.4121890990334512,,True,False,False,False
1.2.0,local-degradation-aware-lemonade-reselection,pilot-020,n53,n15,targeted,0.2,20,100,238,3,36,5,3,12,node_score_aware_delta_0.90,3,0.8718660968660968,1.0020549820612488,0.5169270833333334,0.48307291666666663,0.0,0.2159090909090909,1.0,0.0,1.0,7.666666666666667,0.15347001296099916,1.2178082191780824,0.4246575342465753,0.4131766800403946,0.9,True,True,False,False
1.2.0,local-degradation-aware-lemonade-reselection,pilot-020,n53,n15,targeted,0.2,20,100,238,3,36,5,3,12,degradation_aware_delta_0.90,3,0.8964814814814815,1.03034598784512,0.4947916666666667,0.5052083333333333,0.0,0.21746880570409985,1.0,0.0,1.0,8.333333333333334,0.13883586661953576,1.3365853658536584,0.2804878048780488,0.40976187228668687,0.9,True,True,True,True
1.2.0,local-degradation-aware-lemonade-reselection,pilot-020,n53,n15,targeted,0.2,20,100,238,3,36,5,3,12,degradation_aware_delta_0.85,3,0.8976719576719576,1.0317142284522267,0.5091145833333334,0.49088541666666663,0.0,0.1781045751633987,1.0,0.0,1.0,7.333333333333333,0.143548050865124,1.225,0.375,0.4242534765800223,0.85,True,True,False,False
1.2.0,local-degradation-aware-lemonade-reselection,pilot-020,n53,n15,targeted,0.2,20,100,238,3,36,5,3,12,degradation_aware_delta_0.80,3,0.8976719576719576,1.0317142284522267,0.4947916666666667,0.5052083333333333,0.0,0.1781045751633987,1.0,0.0,1.0,7.333333333333333,0.143548050865124,1.225,0.375,0.4242534765800223,0.8,True,True,False,False
1.2.0,local-degradation-aware-lemonade-reselection,pilot-020,n53,n15,behavioral,0.2,0,100,238,3,36,5,3,12,lemonade_reset,3,0.8700781019746536,1.0,0.4947916666666667,0.5052083333333333,0.0,0.18560606060606064,1.0,1.0,0.0,0.0,0.16537630307653192,1.3428571428571427,0.3142857142857143,0.4121890990334512,,True,False,False,False
1.2.0,local-degradation-aware-lemonade-reselection,pilot-020,n53,n15,behavioral,0.2,0,100,238,3,36,5,3,12,node_score_aware_delta_0.90,3,0.8718660968660968,1.0020549820612488,0.5169270833333334,0.48307291666666663,0.0,0.2159090909090909,1.0,1.0,0.0,0.0,0.15347001296099916,1.2178082191780824,0.4246575342465753,0.4131766800403946,0.9,True,True,False,False
1.2.0,local-degradation-aware-lemonade-reselection,pilot-020,n53,n15,behavioral,0.2,0,100,238,3,36,5,3,12,degradation_aware_delta_0.90,3,0.8964814814814815,1.03034598784512,0.4947916666666667,0.5052083333333333,0.0,0.21746880570409985,1.0,1.0,0.0,0.0,0.13883586661953576,1.3365853658536584,0.2804878048780488,0.40976187228668687,0.9,True,True,True,True
1.2.0,local-degradation-aware-lemonade-reselection,pilot-020,n53,n15,behavioral,0.2,0,100,238,3,36,5,3,12,degradation_aware_delta_0.85,3,0.8976719576719576,1.0317142284522267,0.5091145833333334,0.49088541666666663,0.0,0.1781045751633987,1.0,1.0,0.0,0.0,0.143548050865124,1.225,0.375,0.4242534765800223,0.85,True,True,False,False
1.2.0,local-degradation-aware-lemonade-reselection,pilot-020,n53,n15,behavioral,0.2,0,100,238,3,36,5,3,12,degradation_aware_delta_0.80,3,0.8976719576719576,1.0317142284522267,0.4947916666666667,0.5052083333333333,0.0,0.1781045751633987,1.0,1.0,0.0,0.0,0.143548050865124,1.225,0.375,0.4242534765800223,0.8,True,True,False,False
1.2.0,local-degradation-aware-lemonade-reselection,pilot-021,n74,n6,random,0.2,20,100,238,3,36,5,3,12,lemonade_reset,3,0.943355119825708,1.0,0.50390625,0.49609375,0.0,0.0,1.0,0.0,1.0,3.3333333333333335,0.24927083333333333,0.988,0.4,0.39310760194550426,,True,False,False,False
1.2.0,local-degradation-aware-lemonade-reselection,pilot-021,n74,n6,random,0.2,20,100,238,3,36,5,3,12,node_score_aware_delta_0.90,3,0.945,1.001743648960739,0.4778645833333333,0.5221354166666667,0.0,0.1111111111111111,1.0,0.0,1.0,2.3333333333333335,0.2735430283224401,0.7799999999999999,0.4,0.42538997416770324,0.9,True,False,False,False
1.2.0,local-degradation-aware-lemonade-reselection,pilot-021,n74,n6,random,0.2,20,100,238,3,36,5,3,12,degradation_aware_delta_0.90,3,0.9610256410256411,1.0187315686622849,0.4921875,0.5078125,0.0,0.25,1.0,0.0,1.0,2.0,0.22233220211161386,0.7000000000000001,0.5294117647058824,0.3946094959723329,0.9,True,True,False,False
1.2.0,local-degradation-aware-lemonade-reselection,pilot-021,n74,n6,random,0.2,20,100,238,3,36,5,3,12,degradation_aware_delta_0.85,3,0.9547511312217195,1.0120802984544326,0.5104166666666666,0.48958333333333337,0.0,0.1111111111111111,1.0,0.0,1.0,3.3333333333333335,0.23657852564102563,0.7181818181818181,0.48484848484848486,0.3805577996286711,0.85,True,True,True,True
1.2.0,local-degradation-aware-lemonade-reselection,pilot-021,n74,n6,random,0.2,20,100,238,3,36,5,3,12,degradation_aware_delta_0.80,3,0.9547511312217195,1.0120802984544326,0.4856770833333333,0.5143229166666667,0.0,0.1111111111111111,1.0,0.0,1.0,3.3333333333333335,0.23657852564102563,0.7181818181818181,0.48484848484848486,0.3805577996286711,0.8,True,True,True,True
1.2.0,local-degradation-aware-lemonade-reselection,pilot-021,n74,n6,targeted,0.2,20,100,238,3,36,5,3,12,lemonade_reset,3,0.943355119825708,1.0,0.50390625,0.49609375,0.0,0.0,1.0,0.0,1.0,3.3333333333333335,0.24927083333333333,0.988,0.4,0.39310760194550426,,True,False,False,False
1.2.0,local-degradation-aware-lemonade-reselection,pilot-021,n74,n6,targeted,0.2,20,100,238,3,36,5,3,12,node_score_aware_delta_0.90,3,0.945,1.001743648960739,0.4778645833333333,0.5221354166666667,0.0,0.1111111111111111,1.0,0.0,1.0,3.3333333333333335,0.2735430283224401,0.7799999999999999,0.4,0.42538997416770324,0.9,True,False,False,False
1.2.0,local-degradation-aware-lemonade-reselection,pilot-021,n74,n6,targeted,0.2,20,100,238,3,36,5,3,12,degradation_aware_delta_0.90,3,0.9610256410256411,1.0187315686622849,0.4921875,0.5078125,0.0,0.25,1.0,0.0,1.0,4.0,0.22233220211161386,0.7000000000000001,0.5294117647058824,0.3946094959723329,0.9,True,True,False,False
1.2.0,local-degradation-aware-lemonade-reselection,pilot-021,n74,n6,targeted,0.2,20,100,238,3,36,5,3,12,degradation_aware_delta_0.85,3,0.9547511312217195,1.0120802984544326,0.5104166666666666,0.48958333333333337,0.0,0.1111111111111111,1.0,0.0,1.0,3.6666666666666665,0.23657852564102563,0.7181818181818181,0.48484848484848486,0.3805577996286711,0.85,True,True,True,True
1.2.0,local-degradation-aware-lemonade-reselection,pilot-021,n74,n6,targeted,0.2,20,100,238,3,36,5,3,12,degradation_aware_delta_0.80,3,0.9547511312217195,1.0120802984544326,0.4856770833333333,0.5143229166666667,0.0,0.1111111111111111,1.0,0.0,1.0,3.6666666666666665,0.23657852564102563,0.7181818181818181,0.48484848484848486,0.3805577996286711,0.8,True,True,True,True
1.2.0,local-degradation-aware-lemonade-reselection,pilot-021,n74,n6,behavioral,0.2,0,100,238,3,36,5,3,12,lemonade_reset,3,0.943355119825708,1.0,0.50390625,0.49609375,0.0,0.0,1.0,1.0,0.0,0.0,0.24927083333333333,0.988,0.4,0.39310760194550426,,True,False,False,False
1.2.0,local-degradation-aware-lemonade-reselection,pilot-021,n74,n6,behavioral,0.2,0,100,238,3,36,5,3,12,node_score_aware_delta_0.90,3,0.945,1.001743648960739,0.4778645833333333,0.5221354166666667,0.0,0.1111111111111111,1.0,1.0,0.0,0.0,0.2735430283224401,0.7799999999999999,0.4,0.42538997416770324,0.9,True,False,False,False
1.2.0,local-degradation-aware-lemonade-reselection,pilot-021,n74,n6,behavioral,0.2,0,100,238,3,36,5,3,12,degradation_aware_delta_0.90,3,0.9610256410256411,1.0187315686622849,0.4921875,0.5078125,0.0,0.25,1.0,1.0,0.0,0.0,0.22233220211161386,0.7000000000000001,0.5294117647058824,0.3946094959723329,0.9,True,True,False,False
1.2.0,local-degradation-aware-lemonade-reselection,pilot-021,n74,n6,behavioral,0.2,0,100,238,3,36,5,3,12,degradation_aware_delta_0.85,3,0.9547511312217195,1.0120802984544326,0.5104166666666666,0.48958333333333337,0.0,0.1111111111111111,1.0,1.0,0.0,0.0,0.23657852564102563,0.7181818181818181,0.48484848484848486,0.3805577996286711,0.85,True,True,True,True
1.2.0,local-degradation-aware-lemonade-reselection,pilot-021,n74,n6,behavioral,0.2,0,100,238,3,36,5,3,12,degradation_aware_delta_0.80,3,0.9547511312217195,1.0120802984544326,0.4856770833333333,0.5143229166666667,0.0,0.1111111111111111,1.0,1.0,0.0,0.0,0.23657852564102563,0.7181818181818181,0.48484848484848486,0.3805577996286711,0.8,True,True,True,True
1.2.0,local-degradation-aware-lemonade-reselection,pilot-022,n32,n44,random,0.2,20,100,271,3,36,5,3,12,lemonade_reset,3,0.9416666666666668,1.0,0.515625,0.484375,0.0,0.08333333333333333,1.0,0.3333333333333333,0.6666666666666666,3.6666666666666665,0.2361378205128205,0.42,0.43333333333333335,0.38861146947641995,,True,False,False,False
1.2.0,local-degradation-aware-lemonade-reselection,pilot-022,n32,n44,random,0.2,20,100,271,3,36,5,3,12,node_score_aware_delta_0.90,3,0.9625,1.0221238938053097,0.5,0.5,0.0,0.07936507936507936,1.0,0.0,1.0,4.0,0.2250267094017094,0.3735294117647059,0.47058823529411764,0.3919851787176976,0.9,True,True,False,False
1.2.0,local-degradation-aware-lemonade-reselection,pilot-022,n32,n44,random,0.2,20,100,271,3,36,5,3,12,degradation_aware_delta_0.90,3,0.9578900709219859,1.017228393899454,0.4869791666666667,0.5130208333333333,0.0,0.10317460317460318,1.0,0.0,1.0,3.3333333333333335,0.22495726495726495,0.4413793103448275,0.4482758620689655,0.3801608920576358,0.9,True,True,True,True
1.2.0,local-degradation-aware-lemonade-reselection,pilot-022,n32,n44,random,0.2,20,100,271,3,36,5,3,12,degradation_aware_delta_0.85,3,0.9333333333333332,0.9911504424778759,0.5221354166666666,0.47786458333333337,0.0,0.13888888888888887,1.0,0.0,1.0,3.6666666666666665,0.23711996336996335,0.4807692307692308,0.4807692307692308,0.37506518268639394,0.85,True,False,True,False
1.2.0,local-degradation-aware-lemonade-reselection,pilot-022,n32,n44,random,0.2,20,100,271,3,36,5,3,12,degradation_aware_delta_0.80,3,0.9375,0.9955752212389379,0.5,0.5,0.0,0.027777777777777776,1.0,0.3333333333333333,0.6666666666666666,1.0,0.2094017094017094,0.82,0.4857142857142857,0.36368938534810885,0.8,True,True,True,True
1.2.0,local-degradation-aware-lemonade-reselection,pilot-022,n32,n44,targeted,0.2,20,100,271,3,36,5,3,12,lemonade_reset,3,0.9416666666666668,1.0,0.515625,0.484375,0.0,0.08333333333333333,1.0,0.0,1.0,6.333333333333333,0.2361378205128205,0.42,0.43333333333333335,0.38861146947641995,,True,False,False,False
1.2.0,local-degradation-aware-lemonade-reselection,pilot-022,n32,n44,targeted,0.2,20,100,271,3,36,5,3,12,node_score_aware_delta_0.90,3,0.9625,1.0221238938053097,0.5,0.5,0.0,0.07936507936507936,1.0,0.0,1.0,7.333333333333333,0.2250267094017094,0.3735294117647059,0.47058823529411764,0.3919851787176976,0.9,True,True,False,False
1.2.0,local-degradation-aware-lemonade-reselection,pilot-022,n32,n44,targeted,0.2,20,100,271,3,36,5,3,12,degradation_aware_delta_0.90,3,0.9578900709219859,1.017228393899454,0.4869791666666667,0.5130208333333333,0.0,0.10317460317460318,1.0,0.0,1.0,5.666666666666667,0.22495726495726495,0.4413793103448275,0.4482758620689655,0.3801608920576358,0.9,True,True,True,True
1.2.0,local-degradation-aware-lemonade-reselection,pilot-022,n32,n44,targeted,0.2,20,100,271,3,36,5,3,12,degradation_aware_delta_0.85,3,0.9333333333333332,0.9911504424778759,0.5221354166666666,0.47786458333333337,0.0,0.13888888888888887,1.0,0.0,1.0,3.6666666666666665,0.23711996336996335,0.4807692307692308,0.4807692307692308,0.37506518268639394,0.85,True,False,True,False
1.2.0,local-degradation-aware-lemonade-reselection,pilot-022,n32,n44,targeted,0.2,20,100,271,3,36,5,3,12,degradation_aware_delta_0.80,3,0.9375,0.9955752212389379,0.5,0.5,0.0,0.027777777777777776,1.0,0.0,1.0,4.0,0.2094017094017094,0.82,0.4857142857142857,0.36368938534810885,0.8,True,True,True,True
1.2.0,local-degradation-aware-lemonade-reselection,pilot-022,n32,n44,behavioral,0.2,0,100,271,3,36,5,3,12,lemonade_reset,3,0.9416666666666668,1.0,0.515625,0.484375,0.0,0.08333333333333333,1.0,1.0,0.0,0.0,0.2361378205128205,0.42,0.43333333333333335,0.38861146947641995,,True,False,False,False
1.2.0,local-degradation-aware-lemonade-reselection,pilot-022,n32,n44,behavioral,0.2,0,100,271,3,36,5,3,12,node_score_aware_delta_0.90,3,0.9625,1.0221238938053097,0.5,0.5,0.0,0.07936507936507936,1.0,1.0,0.0,0.0,0.2250267094017094,0.3735294117647059,0.47058823529411764,0.3919851787176976,0.9,True,True,False,False
1.2.0,local-degradation-aware-lemonade-reselection,pilot-022,n32,n44,behavioral,0.2,0,100,271,3,36,5,3,12,degradation_aware_delta_0.90,3,0.9578900709219859,1.017228393899454,0.4869791666666667,0.5130208333333333,0.0,0.10317460317460318,1.0,1.0,0.0,0.0,0.22495726495726495,0.4413793103448275,0.4482758620689655,0.3801608920576358,0.9,True,True,True,True
1.2.0,local-degradation-aware-lemonade-reselection,pilot-022,n32,n44,behavioral,0.2,0,100,271,3,36,5,3,12,degradation_aware_delta_0.85,3,0.9333333333333332,0.9911504424778759,0.5221354166666666,0.47786458333333337,0.0,0.13888888888888887,1.0,1.0,0.0,0.0,0.23711996336996335,0.4807692307692308,0.4807692307692308,0.37506518268639394,0.85,True,False,True,False
1.2.0,local-degradation-aware-lemonade-reselection,pilot-022,n32,n44,behavioral,0.2,0,100,271,3,36,5,3,12,degradation_aware_delta_0.80,3,0.9375,0.9955752212389379,0.5,0.5,0.0,0.027777777777777776,1.0,1.0,0.0,0.0,0.2094017094017094,0.82,0.4857142857142857,0.36368938534810885,0.8,True,True,True,True
1.2.0,local-degradation-aware-lemonade-reselection,pilot-023,n38,n70,random,0.2,20,100,262,3,36,5,3,12,lemonade_reset,3,0.9078443681301773,1.0,0.5234375,0.4765625,0.0,0.11192810457516339,1.0,0.0,1.0,5.666666666666667,0.20552136752136752,1.6130434782608696,0.2463768115942029,0.404596013568901,,True,False,False,False
1.2.0,local-degradation-aware-lemonade-reselection,pilot-023,n38,n70,random,0.2,20,100,262,3,36,5,3,12,node_score_aware_delta_0.90,3,0.903770011114644,0.995512053432765,0.5104166666666666,0.48958333333333337,0.0,0.1361111111111111,1.0,0.0,1.0,8.666666666666666,0.18034775641025638,1.493939393939394,0.29292929292929293,0.41054818252737396,0.9,True,True,False,False
1.2.0,local-degradation-aware-lemonade-reselection,pilot-023,n38,n70,random,0.2,20,100,262,3,36,5,3,12,degradation_aware_delta_0.90,3,0.903770011114644,0.995512053432765,0.5013020833333334,0.49869791666666663,0.0,0.1361111111111111,1.0,0.0,1.0,8.666666666666666,0.18034775641025638,1.493939393939394,0.29292929292929293,0.41054818252737396,0.9,True,True,False,False
1.2.0,local-degradation-aware-lemonade-reselection,pilot-023,n38,n70,random,0.2,20,100,262,3,36,5,3,12,degradation_aware_delta_0.85,3,0.9153140226586555,1.008227902039931,0.51953125,0.48046875,0.0,0.13669590643274854,1.0,0.0,1.0,6.333333333333333,0.19941025641025636,1.587323943661972,0.2535211267605634,0.4270865640587893,0.85,True,True,False,False
1.2.0,local-degradation-aware-lemonade-reselection,pilot-023,n38,n70,random,0.2,20,100,262,3,36,5,3,12,degradation_aware_delta_0.80,3,0.9153140226586555,1.008227902039931,0.4830729166666667,0.5169270833333333,0.0,0.13669590643274854,1.0,0.0,1.0,6.333333333333333,0.19941025641025636,1.587323943661972,0.2535211267605634,0.4270865640587893,0.8,True,True,False,False
1.2.0,local-degradation-aware-lemonade-reselection,pilot-023,n38,n70,targeted,0.2,20,100,262,3,36,5,3,12,lemonade_reset,3,0.9078443681301773,1.0,0.5234375,0.4765625,0.0,0.11192810457516339,1.0,0.0,1.0,7.0,0.20552136752136752,1.6130434782608696,0.2463768115942029,0.404596013568901,,True,False,False,False
1.2.0,local-degradation-aware-lemonade-reselection,pilot-023,n38,n70,targeted,0.2,20,100,262,3,36,5,3,12,node_score_aware_delta_0.90,3,0.903770011114644,0.995512053432765,0.5104166666666666,0.48958333333333337,0.0,0.1361111111111111,1.0,0.0,1.0,10.0,0.18034775641025638,1.493939393939394,0.29292929292929293,0.41054818252737396,0.9,True,True,False,False
1.2.0,local-degradation-aware-lemonade-reselection,pilot-023,n38,n70,targeted,0.2,20,100,262,3,36,5,3,12,degradation_aware_delta_0.90,3,0.903770011114644,0.995512053432765,0.5013020833333334,0.49869791666666663,0.0,0.1361111111111111,1.0,0.0,1.0,10.0,0.18034775641025638,1.493939393939394,0.29292929292929293,0.41054818252737396,0.9,True,True,False,False
1.2.0,local-degradation-aware-lemonade-reselection,pilot-023,n38,n70,targeted,0.2,20,100,262,3,36,5,3,12,degradation_aware_delta_0.85,3,0.9153140226586555,1.008227902039931,0.51953125,0.48046875,0.0,0.13669590643274854,1.0,0.0,1.0,7.666666666666667,0.19941025641025636,1.587323943661972,0.2535211267605634,0.4270865640587893,0.85,True,True,False,False
1.2.0,local-degradation-aware-lemonade-reselection,pilot-023,n38,n70,targeted,0.2,20,100,262,3,36,5,3,12,degradation_aware_delta_0.80,3,0.9153140226586555,1.008227902039931,0.4830729166666667,0.5169270833333333,0.0,0.13669590643274854,1.0,0.0,1.0,7.666666666666667,0.19941025641025636,1.587323943661972,0.2535211267605634,0.4270865640587893,0.8,True,True,False,False
1.2.0,local-degradation-aware-lemonade-reselection,pilot-023,n38,n70,behavioral,0.2,0,100,262,3,36,5,3,12,lemonade_reset,3,0.9078443681301773,1.0,0.5234375,0.4765625,0.0,0.11192810457516339,1.0,1.0,0.0,0.0,0.20552136752136752,1.6130434782608696,0.2463768115942029,0.404596013568901,,True,False,False,False
1.2.0,local-degradation-aware-lemonade-reselection,pilot-023,n38,n70,behavioral,0.2,0,100,262,3,36,5,3,12,node_score_aware_delta_0.90,3,0.903770011114644,0.995512053432765,0.5104166666666666,0.48958333333333337,0.0,0.1361111111111111,1.0,1.0,0.0,0.0,0.18034775641025638,1.493939393939394,0.29292929292929293,0.41054818252737396,0.9,True,True,False,False
1.2.0,local-degradation-aware-lemonade-reselection,pilot-023,n38,n70,behavioral,0.2,0,100,262,3,36,5,3,12,degradation_aware_delta_0.90,3,0.903770011114644,0.995512053432765,0.5013020833333334,0.49869791666666663,0.0,0.1361111111111111,1.0,1.0,0.0,0.0,0.18034775641025638,1.493939393939394,0.29292929292929293,0.41054818252737396,0.9,True,True,False,False
1.2.0,local-degradation-aware-lemonade-reselection,pilot-023,n38,n70,behavioral,0.2,0,100,262,3,36,5,3,12,degradation_aware_delta_0.85,3,0.9153140226586555,1.008227902039931,0.51953125,0.48046875,0.0,0.13669590643274854,1.0,1.0,0.0,0.0,0.19941025641025636,1.587323943661972,0.2535211267605634,0.4270865640587893,0.85,True,True,False,False
1.2.0,local-degradation-aware-lemonade-reselection,pilot-023,n38,n70,behavioral,0.2,0,100,262,3,36,5,3,12,degradation_aware_delta_0.80,3,0.9153140226586555,1.008227902039931,0.4830729166666667,0.5169270833333333,0.0,0.13669590643274854,1.0,1.0,0.0,0.0,0.19941025641025636,1.587323943661972,0.2535211267605634,0.4270865640587893,0.8,True,True,False,False
1.2.0,local-degradation-aware-lemonade-reselection,pilot-024,n40,n90,random,0.2,20,100,252,3,36,5,3,12,lemonade_reset,3,0.9184149184149185,1.0,0.5078125,0.4921875,0.0,0.025641025641025644,1.0,0.0,1.0,5.666666666666667,0.15852839021443674,1.1588235294117646,0.4264705882352941,0.3648878940719455,,True,False,False,False
1.2.0,local-degradation-aware-lemonade-reselection,pilot-024,n40,n90,random,0.2,20,100,252,3,36,5,3,12,node_score_aware_delta_0.90,3,0.9184149184149185,1.0,0.5299479166666666,0.47005208333333337,0.0,0.025641025641025644,1.0,0.0,1.0,5.666666666666667,0.15852839021443674,1.1588235294117646,0.4264705882352941,0.3648878940719455,0.9,True,False,False,False
1.2.0,local-degradation-aware-lemonade-reselection,pilot-024,n40,n90,random,0.2,20,100,252,3,36,5,3,12,degradation_aware_delta_0.90,3,0.9184149184149185,1.0,0.5247395833333334,0.47526041666666663,0.0,0.025641025641025644,1.0,0.0,1.0,5.666666666666667,0.15852839021443674,1.1588235294117646,0.4264705882352941,0.3648878940719455,0.9,True,False,False,False
1.2.0,local-degradation-aware-lemonade-reselection,pilot-024,n40,n90,random,0.2,20,100,252,3,36,5,3,12,degradation_aware_delta_0.85,3,0.9142351900972591,0.9954489760196044,0.5065104166666666,0.49348958333333337,0.0,0.08333333333333333,1.0,0.0,1.0,5.333333333333333,0.18317124735729387,1.1271186440677967,0.4576271186440678,0.3734579684693376,0.85,True,False,False,False
1.2.0,local-degradation-aware-lemonade-reselection,pilot-024,n40,n90,random,0.2,20,100,252,3,36,5,3,12,degradation_aware_delta_0.80,3,0.9184149184149185,1.0,0.4765625,0.5234375,0.0,0.025641025641025644,1.0,0.0,1.0,5.666666666666667,0.15852839021443674,1.1588235294117646,0.4264705882352941,0.3648878940719455,0.8,True,False,False,False
1.2.0,local-degradation-aware-lemonade-reselection,pilot-024,n40,n90,targeted,0.2,20,100,252,3,36,5,3,12,lemonade_reset,3,0.9184149184149185,1.0,0.5078125,0.4921875,0.0,0.025641025641025644,1.0,0.0,1.0,6.333333333333333,0.15852839021443674,1.1588235294117646,0.4264705882352941,0.3648878940719455,,True,False,False,False
1.2.0,local-degradation-aware-lemonade-reselection,pilot-024,n40,n90,targeted,0.2,20,100,252,3,36,5,3,12,node_score_aware_delta_0.90,3,0.9184149184149185,1.0,0.5299479166666666,0.47005208333333337,0.0,0.025641025641025644,1.0,0.0,1.0,6.333333333333333,0.15852839021443674,1.1588235294117646,0.4264705882352941,0.3648878940719455,0.9,True,False,False,False
1.2.0,local-degradation-aware-lemonade-reselection,pilot-024,n40,n90,targeted,0.2,20,100,252,3,36,5,3,12,degradation_aware_delta_0.90,3,0.9184149184149185,1.0,0.5247395833333334,0.47526041666666663,0.0,0.025641025641025644,1.0,0.0,1.0,6.333333333333333,0.15852839021443674,1.1588235294117646,0.4264705882352941,0.3648878940719455,0.9,True,False,False,False
1.2.0,local-degradation-aware-lemonade-reselection,pilot-024,n40,n90,targeted,0.2,20,100,252,3,36,5,3,12,degradation_aware_delta_0.85,3,0.9142351900972591,0.9954489760196044,0.5065104166666666,0.49348958333333337,0.0,0.08333333333333333,1.0,0.0,1.0,4.666666666666667,0.18317124735729387,1.1271186440677967,0.4576271186440678,0.3734579684693376,0.85,True,False,False,False
1.2.0,local-degradation-aware-lemonade-reselection,pilot-024,n40,n90,targeted,0.2,20,100,252,3,36,5,3,12,degradation_aware_delta_0.80,3,0.9184149184149185,1.0,0.4765625,0.5234375,0.0,0.025641025641025644,1.0,0.0,1.0,6.333333333333333,0.15852839021443674,1.1588235294117646,0.4264705882352941,0.3648878940719455,0.8,True,False,False,False
1.2.0,local-degradation-aware-lemonade-reselection,pilot-024,n40,n90,behavioral,0.2,0,100,252,3,36,5,3,12,lemonade_reset,3,0.9184149184149185,1.0,0.5078125,0.4921875,0.0,0.025641025641025644,1.0,1.0,0.0,0.0,0.15852839021443674,1.1588235294117646,0.4264705882352941,0.3648878940719455,,True,False,False,False
1.2.0,local-degradation-aware-lemonade-reselection,pilot-024,n40,n90,behavioral,0.2,0,100,252,3,36,5,3,12,node_score_aware_delta_0.90,3,0.9184149184149185,1.0,0.5299479166666666,0.47005208333333337,0.0,0.025641025641025644,1.0,1.0,0.0,0.0,0.15852839021443674,1.1588235294117646,0.4264705882352941,0.3648878940719455,0.9,True,False,False,False
1.2.0,local-degradation-aware-lemonade-reselection,pilot-024,n40,n90,behavioral,0.2,0,100,252,3,36,5,3,12,degradation_aware_delta_0.90,3,0.9184149184149185,1.0,0.5247395833333334,0.47526041666666663,0.0,0.025641025641025644,1.0,1.0,0.0,0.0,0.15852839021443674,1.1588235294117646,0.4264705882352941,0.3648878940719455,0.9,True,False,False,False
1.2.0,local-degradation-aware-lemonade-reselection,pilot-024,n40,n90,behavioral,0.2,0,100,252,3,36,5,3,12,degradation_aware_delta_0.85,3,0.9142351900972591,0.9954489760196044,0.5065104166666666,0.49348958333333337,0.0,0.08333333333333333,1.0,1.0,0.0,0.0,0.18317124735729387,1.1271186440677967,0.4576271186440678,0.3734579684693376,0.85,True,False,False,False
1.2.0,local-degradation-aware-lemonade-reselection,pilot-024,n40,n90,behavioral,0.2,0,100,252,3,36,5,3,12,degradation_aware_delta_0.80,3,0.9184149184149185,1.0,0.4765625,0.5234375,0.0,0.025641025641025644,1.0,1.0,0.0,0.0,0.15852839021443674,1.1588235294117646,0.4264705882352941,0.3648878940719455,0.8,True,False,False,False
1.2.0,local-degradation-aware-lemonade-reselection,pilot-025,n40,n63,random,0.2,20,100,242,3,36,5,3,12,lemonade_reset,3,0.9533778868885253,1.0,0.5,0.5,0.0,0.041666666666666664,1.0,0.3333333333333333,0.6666666666666666,5.0,0.17022569444444446,0.7679245283018868,0.4528301886792453,0.35385183002942844,,True,False,False,False
1.2.0,local-degradation-aware-lemonade-reselection,pilot-025,n40,n63,random,0.2,20,100,242,3,36,5,3,12,node_score_aware_delta_0.90,3,0.9686022458628841,1.0159688610190505,0.5221354166666666,0.47786458333333337,0.0,0.0625,1.0,0.3333333333333333,0.6666666666666666,4.0,0.1590328839869281,0.6793103448275862,0.4827586206896552,0.36237471003023974,0.9,True,True,False,False
1.2.0,local-degradation-aware-lemonade-reselection,pilot-025,n40,n63,random,0.2,20,100,242,3,36,5,3,12,degradation_aware_delta_0.90,3,0.9686022458628841,1.0159688610190505,0.4895833333333333,0.5104166666666667,0.0,0.0625,1.0,0.3333333333333333,0.6666666666666666,4.0,0.1590328839869281,0.6793103448275862,0.4827586206896552,0.36237471003023974,0.9,True,True,False,False
1.2.0,local-degradation-aware-lemonade-reselection,pilot-025,n40,n63,random,0.2,20,100,242,3,36,5,3,12,degradation_aware_delta_0.85,3,0.9568501091107474,1.0036420209341692,0.5260416666666666,0.47395833333333337,0.0,0.0625,1.0,0.0,1.0,5.666666666666667,0.1465328839869281,0.6114754098360655,0.5081967213114754,0.37899281703798754,0.85,True,True,False,False
1.2.0,local-degradation-aware-lemonade-reselection,pilot-025,n40,n63,random,0.2,20,100,242,3,36,5,3,12,degradation_aware_delta_0.80,3,0.9568501091107474,1.0036420209341692,0.5052083333333334,0.49479166666666663,0.0,0.0625,1.0,0.0,1.0,5.666666666666667,0.1465328839869281,0.6114754098360655,0.5081967213114754,0.37899281703798754,0.8,True,True,False,False
1.2.0,local-degradation-aware-lemonade-reselection,pilot-025,n40,n63,targeted,0.2,20,100,242,3,36,5,3,12,lemonade_reset,3,0.9533778868885253,1.0,0.5,0.5,0.0,0.041666666666666664,1.0,0.0,1.0,4.666666666666667,0.17022569444444446,0.7679245283018868,0.4528301886792453,0.35385183002942844,,True,False,False,False
1.2.0,local-degradation-aware-lemonade-reselection,pilot-025,n40,n63,targeted,0.2,20,100,242,3,36,5,3,12,node_score_aware_delta_0.90,3,0.9686022458628841,1.0159688610190505,0.5221354166666666,0.47786458333333337,0.0,0.0625,1.0,0.0,1.0,5.333333333333333,0.1590328839869281,0.6793103448275862,0.4827586206896552,0.36237471003023974,0.9,True,True,False,False
1.2.0,local-degradation-aware-lemonade-reselection,pilot-025,n40,n63,targeted,0.2,20,100,242,3,36,5,3,12,degradation_aware_delta_0.90,3,0.9686022458628841,1.0159688610190505,0.4895833333333333,0.5104166666666667,0.0,0.0625,1.0,0.0,1.0,5.333333333333333,0.1590328839869281,0.6793103448275862,0.4827586206896552,0.36237471003023974,0.9,True,True,False,False
1.2.0,local-degradation-aware-lemonade-reselection,pilot-025,n40,n63,targeted,0.2,20,100,242,3,36,5,3,12,degradation_aware_delta_0.85,3,0.9568501091107474,1.0036420209341692,0.5260416666666666,0.47395833333333337,0.0,0.0625,1.0,0.0,1.0,5.0,0.1465328839869281,0.6114754098360655,0.5081967213114754,0.37899281703798754,0.85,True,True,False,False
1.2.0,local-degradation-aware-lemonade-reselection,pilot-025,n40,n63,targeted,0.2,20,100,242,3,36,5,3,12,degradation_aware_delta_0.80,3,0.9568501091107474,1.0036420209341692,0.5052083333333334,0.49479166666666663,0.0,0.0625,1.0,0.0,1.0,5.0,0.1465328839869281,0.6114754098360655,0.5081967213114754,0.37899281703798754,0.8,True,True,False,False
1.2.0,local-degradation-aware-lemonade-reselection,pilot-025,n40,n63,behavioral,0.2,0,100,242,3,36,5,3,12,lemonade_reset,3,0.9533778868885253,1.0,0.5,0.5,0.0,0.041666666666666664,1.0,1.0,0.0,0.0,0.17022569444444446,0.7679245283018868,0.4528301886792453,0.35385183002942844,,True,False,False,False
1.2.0,local-degradation-aware-lemonade-reselection,pilot-025,n40,n63,behavioral,0.2,0,100,242,3,36,5,3,12,node_score_aware_delta_0.90,3,0.9686022458628841,1.0159688610190505,0.5221354166666666,0.47786458333333337,0.0,0.0625,1.0,1.0,0.0,0.0,0.1590328839869281,0.6793103448275862,0.4827586206896552,0.36237471003023974,0.9,True,True,False,False
1.2.0,local-degradation-aware-lemonade-reselection,pilot-025,n40,n63,behavioral,0.2,0,100,242,3,36,5,3,12,degradation_aware_delta_0.90,3,0.9686022458628841,1.0159688610190505,0.4895833333333333,0.5104166666666667,0.0,0.0625,1.0,1.0,0.0,0.0,0.1590328839869281,0.6793103448275862,0.4827586206896552,0.36237471003023974,0.9,True,True,False,False
1.2.0,local-degradation-aware-lemonade-reselection,pilot-025,n40,n63,behavioral,0.2,0,100,242,3,36,5,3,12,degradation_aware_delta_0.85,3,0.9568501091107474,1.0036420209341692,0.5260416666666666,0.47395833333333337,0.0,0.0625,1.0,1.0,0.0,0.0,0.1465328839869281,0.6114754098360655,0.5081967213114754,0.37899281703798754,0.85,True,True,False,False
1.2.0,local-degradation-aware-lemonade-reselection,pilot-025,n40,n63,behavioral,0.2,0,100,242,3,36,5,3,12,degradation_aware_delta_0.80,3,0.9568501091107474,1.0036420209341692,0.5052083333333334,0.49479166666666663,0.0,0.0625,1.0,1.0,0.0,0.0,0.1465328839869281,0.6114754098360655,0.5081967213114754,0.37899281703798754,0.8,True,True,False,False
1.2.0,local-degradation-aware-lemonade-reselection,pilot-026,n8,n34,random,0.2,20,100,240,3,36,5,3,12,lemonade_reset,3,0.9791666666666666,1.0,0.4856770833333333,0.5143229166666667,0.0,0.06666666666666667,1.0,0.3333333333333333,0.6666666666666666,2.3333333333333335,0.18637152777777777,0.713953488372093,0.4186046511627907,0.4230399797781709,,True,False,False,False
1.2.0,local-degradation-aware-lemonade-reselection,pilot-026,n8,n34,random,0.2,20,100,240,3,36,5,3,12,node_score_aware_delta_0.90,3,1.0,1.021276595744681,0.4986979166666667,0.5013020833333333,0.0,0.06666666666666667,1.0,0.0,1.0,2.0,0.14884920634920637,1.0857142857142856,0.5,0.4119461062052993,0.9,True,True,True,False
1.2.0,local-degradation-aware-lemonade-reselection,pilot-026,n8,n34,random,0.2,20,100,240,3,36,5,3,12,degradation_aware_delta_0.90,3,0.9375,0.9574468085106383,0.4830729166666667,0.5169270833333333,0.0,0.0,1.0,0.0,1.0,1.0,0.1272835497835498,1.1071428571428572,0.5,0.37217651345604325,0.9,True,True,True,True
1.2.0,local-degradation-aware-lemonade-reselection,pilot-026,n8,n34,random,0.2,20,100,240,3,36,5,3,12,degradation_aware_delta_0.85,3,1.0,1.021276595744681,0.53125,0.46875,0.0,0.06666666666666667,1.0,0.0,1.0,2.0,0.14884920634920637,1.0857142857142856,0.5,0.4119461062052993,0.85,True,True,True,True
1.2.0,local-degradation-aware-lemonade-reselection,pilot-026,n8,n34,random,0.2,20,100,240,3,36,5,3,12,degradation_aware_delta_0.80,3,0.9375,0.9574468085106383,0.5052083333333334,0.49479166666666663,0.0,0.0,1.0,0.0,1.0,1.0,0.1272835497835498,1.1071428571428572,0.5,0.37217651345604325,0.8,True,True,True,True
1.2.0,local-degradation-aware-lemonade-reselection,pilot-026,n8,n34,targeted,0.2,20,100,240,3,36,5,3,12,lemonade_reset,3,0.9791666666666666,1.0,0.4856770833333333,0.5143229166666667,0.0,0.06666666666666667,1.0,0.0,1.0,4.333333333333333,0.18637152777777777,0.713953488372093,0.4186046511627907,0.4230399797781709,,True,False,False,False
1.2.0,local-degradation-aware-lemonade-reselection,pilot-026,n8,n34,targeted,0.2,20,100,240,3,36,5,3,12,node_score_aware_delta_0.90,3,1.0,1.021276595744681,0.4986979166666667,0.5013020833333333,0.0,0.06666666666666667,1.0,0.0,1.0,4.0,0.14884920634920637,1.0857142857142856,0.5,0.4119461062052993,0.9,True,True,True,False
1.2.0,local-degradation-aware-lemonade-reselection,pilot-026,n8,n34,targeted,0.2,20,100,240,3,36,5,3,12,degradation_aware_delta_0.90,3,0.9375,0.9574468085106383,0.4830729166666667,0.5169270833333333,0.0,0.0,1.0,0.0,1.0,3.0,0.1272835497835498,1.1071428571428572,0.5,0.37217651345604325,0.9,True,True,True,True
1.2.0,local-degradation-aware-lemonade-reselection,pilot-026,n8,n34,targeted,0.2,20,100,240,3,36,5,3,12,degradation_aware_delta_0.85,3,1.0,1.021276595744681,0.53125,0.46875,0.0,0.06666666666666667,1.0,0.0,1.0,4.0,0.14884920634920637,1.0857142857142856,0.5,0.4119461062052993,0.85,True,True,True,True
1.2.0,local-degradation-aware-lemonade-reselection,pilot-026,n8,n34,targeted,0.2,20,100,240,3,36,5,3,12,degradation_aware_delta_0.80,3,0.9375,0.9574468085106383,0.5052083333333334,0.49479166666666663,0.0,0.0,1.0,0.0,1.0,3.0,0.1272835497835498,1.1071428571428572,0.5,0.37217651345604325,0.8,True,True,True,True
1.2.0,local-degradation-aware-lemonade-reselection,pilot-026,n8,n34,behavioral,0.2,0,100,240,3,36,5,3,12,lemonade_reset,3,0.9791666666666666,1.0,0.4856770833333333,0.5143229166666667,0.0,0.06666666666666667,1.0,1.0,0.0,0.0,0.18637152777777777,0.713953488372093,0.4186046511627907,0.4230399797781709,,True,False,False,False
1.2.0,local-degradation-aware-lemonade-reselection,pilot-026,n8,n34,behavioral,0.2,0,100,240,3,36,5,3,12,node_score_aware_delta_0.90,3,1.0,1.021276595744681,0.4986979166666667,0.5013020833333333,0.0,0.06666666666666667,1.0,1.0,0.0,0.0,0.14884920634920637,1.0857142857142856,0.5,0.4119461062052993,0.9,True,True,True,False
1.2.0,local-degradation-aware-lemonade-reselection,pilot-026,n8,n34,behavioral,0.2,0,100,240,3,36,5,3,12,degradation_aware_delta_0.90,3,0.9375,0.9574468085106383,0.4830729166666667,0.5169270833333333,0.0,0.0,1.0,1.0,0.0,0.0,0.1272835497835498,1.1071428571428572,0.5,0.37217651345604325,0.9,True,True,True,True
1.2.0,local-degradation-aware-lemonade-reselection,pilot-026,n8,n34,behavioral,0.2,0,100,240,3,36,5,3,12,degradation_aware_delta_0.85,3,1.0,1.021276595744681,0.53125,0.46875,0.0,0.06666666666666667,1.0,1.0,0.0,0.0,0.14884920634920637,1.0857142857142856,0.5,0.4119461062052993,0.85,True,True,True,True
1.2.0,local-degradation-aware-lemonade-reselection,pilot-026,n8,n34,behavioral,0.2,0,100,240,3,36,5,3,12,degradation_aware_delta_0.80,3,0.9375,0.9574468085106383,0.5052083333333334,0.49479166666666663,0.0,0.0,1.0,1.0,0.0,0.0,0.1272835497835498,1.1071428571428572,0.5,0.37217651345604325,0.8,True,True,True,True
1.2.0,local-degradation-aware-lemonade-reselection,pilot-027,n1,n95,random,0.2,20,100,232,3,36,5,3,12,lemonade_reset,3,0.9050361336946703,1.0,0.48828125,0.51171875,0.0,0.0,1.0,0.0,1.0,2.3333333333333335,0.18438072344322345,0.7333333333333333,0.5,0.4274719566916367,,True,False,False,False
1.2.0,local-degradation-aware-lemonade-reselection,pilot-027,n1,n95,random,0.2,20,100,232,3,36,5,3,12,node_score_aware_delta_0.90,3,0.9420731707317073,1.0409232688708672,0.5143229166666666,0.48567708333333337,0.0,0.0,1.0,0.0,1.0,4.333333333333333,0.21437499999999998,0.5378378378378378,0.43243243243243246,0.4001115202224465,0.9,True,False,True,False
1.2.0,local-degradation-aware-lemonade-reselection,pilot-027,n1,n95,random,0.2,20,100,232,3,36,5,3,12,degradation_aware_delta_0.90,3,0.9300361336946702,1.0276232064878352,0.52734375,0.47265625,0.0,0.0,1.0,0.0,1.0,3.0,0.18580929487179487,0.7176470588235294,0.47058823529411764,0.39526620247409755,0.9,True,False,True,False
1.2.0,local-degradation-aware-lemonade-reselection,pilot-027,n1,n95,random,0.2,20,100,232,3,36,5,3,12,degradation_aware_delta_0.85,3,0.9254065040650407,1.022507797878977,0.5377604166666666,0.46223958333333337,0.0,0.0,1.0,0.0,1.0,2.6666666666666665,0.1778422619047619,0.85,0.5,0.4228600441885256,0.85,True,True,True,True
1.2.0,local-degradation-aware-lemonade-reselection,pilot-027,n1,n95,random,0.2,20,100,232,3,36,5,3,12,degradation_aware_delta_0.80,3,0.9050361336946703,1.0,0.4973958333333333,0.5026041666666667,0.0,0.0,1.0,0.0,1.0,2.3333333333333335,0.18438072344322345,0.7333333333333333,0.5,0.4274719566916367,0.8,True,False,False,False
1.2.0,local-degradation-aware-lemonade-reselection,pilot-027,n1,n95,targeted,0.2,20,100,232,3,36,5,3,12,lemonade_reset,3,0.9050361336946703,1.0,0.48828125,0.51171875,0.0,0.0,1.0,0.0,1.0,4.333333333333333,0.18438072344322345,0.7333333333333333,0.5,0.4274719566916367,,True,False,False,False
1.2.0,local-degradation-aware-lemonade-reselection,pilot-027,n1,n95,targeted,0.2,20,100,232,3,36,5,3,12,node_score_aware_delta_0.90,3,0.9420731707317073,1.0409232688708672,0.5143229166666666,0.48567708333333337,0.0,0.0,1.0,0.0,1.0,3.6666666666666665,0.21437499999999998,0.5378378378378378,0.43243243243243246,0.4001115202224465,0.9,True,False,True,False
1.2.0,local-degradation-aware-lemonade-reselection,pilot-027,n1,n95,targeted,0.2,20,100,232,3,36,5,3,12,degradation_aware_delta_0.90,3,0.9300361336946702,1.0276232064878352,0.52734375,0.47265625,0.0,0.0,1.0,0.0,1.0,3.6666666666666665,0.18580929487179487,0.7176470588235294,0.47058823529411764,0.39526620247409755,0.9,True,False,True,False
1.2.0,local-degradation-aware-lemonade-reselection,pilot-027,n1,n95,targeted,0.2,20,100,232,3,36,5,3,12,degradation_aware_delta_0.85,3,0.9254065040650407,1.022507797878977,0.5377604166666666,0.46223958333333337,0.0,0.0,1.0,0.0,1.0,3.0,0.1778422619047619,0.85,0.5,0.4228600441885256,0.85,True,True,True,True
1.2.0,local-degradation-aware-lemonade-reselection,pilot-027,n1,n95,targeted,0.2,20,100,232,3,36,5,3,12,degradation_aware_delta_0.80,3,0.9050361336946703,1.0,0.4973958333333333,0.5026041666666667,0.0,0.0,1.0,0.0,1.0,4.333333333333333,0.18438072344322345,0.7333333333333333,0.5,0.4274719566916367,0.8,True,False,False,False
1.2.0,local-degradation-aware-lemonade-reselection,pilot-027,n1,n95,behavioral,0.2,0,100,232,3,36,5,3,12,lemonade_reset,3,0.9050361336946703,1.0,0.48828125,0.51171875,0.0,0.0,1.0,1.0,0.0,0.0,0.18438072344322345,0.7333333333333333,0.5,0.4274719566916367,,True,False,False,False
1.2.0,local-degradation-aware-lemonade-reselection,pilot-027,n1,n95,behavioral,0.2,0,100,232,3,36,5,3,12,node_score_aware_delta_0.90,3,0.9420731707317073,1.0409232688708672,0.5143229166666666,0.48567708333333337,0.0,0.0,1.0,1.0,0.0,0.0,0.21437499999999998,0.5378378378378378,0.43243243243243246,0.4001115202224465,0.9,True,False,True,False
1.2.0,local-degradation-aware-lemonade-reselection,pilot-027,n1,n95,behavioral,0.2,0,100,232,3,36,5,3,12,degradation_aware_delta_0.90,3,0.9300361336946702,1.0276232064878352,0.52734375,0.47265625,0.0,0.0,1.0,1.0,0.0,0.0,0.18580929487179487,0.7176470588235294,0.47058823529411764,0.39526620247409755,0.9,True,False,True,False
1.2.0,local-degradation-aware-lemonade-reselection,pilot-027,n1,n95,behavioral,0.2,0,100,232,3,36,5,3,12,degradation_aware_delta_0.85,3,0.9254065040650407,1.022507797878977,0.5377604166666666,0.46223958333333337,0.0,0.0,1.0,1.0,0.0,0.0,0.1778422619047619,0.85,0.5,0.4228600441885256,0.85,True,True,True,True
1.2.0,local-degradation-aware-lemonade-reselection,pilot-027,n1,n95,behavioral,0.2,0,100,232,3,36,5,3,12,degradation_aware_delta_0.80,3,0.9050361336946703,1.0,0.4973958333333333,0.5026041666666667,0.0,0.0,1.0,1.0,0.0,0.0,0.18438072344322345,0.7333333333333333,0.5,0.4274719566916367,0.8,True,False,False,False
1.2.0,local-degradation-aware-lemonade-reselection,pilot-028,n26,n54,random,0.2,20,100,233,3,36,5,3,12,lemonade_reset,3,0.9088504088504088,1.0,0.4947916666666667,0.5052083333333333,0.0,0.06060606060606061,1.0,0.0,1.0,2.6666666666666665,0.2073765909872721,1.1875,0.3333333333333333,0.44244119991582603,,True,False,False,False
1.2.0,local-degradation-aware-lemonade-reselection,pilot-028,n26,n54,random,0.2,20,100,233,3,36,5,3,12,node_score_aware_delta_0.90,3,0.890993265993266,0.9803519449589839,0.5026041666666666,0.49739583333333337,0.0,0.0787037037037037,1.0,0.0,1.0,3.0,0.18433366169434282,1.0620689655172415,0.3793103448275862,0.41488821471541554,0.9,True,True,True,False
1.2.0,local-degradation-aware-lemonade-reselection,pilot-028,n26,n54,random,0.2,20,100,233,3,36,5,3,12,degradation_aware_delta_0.90,3,0.9094291125541125,1.0006367425244773,0.4895833333333333,0.5104166666666667,0.0,0.07912457912457913,1.0,0.0,1.0,3.6666666666666665,0.17889619883040933,1.181967213114754,0.36065573770491804,0.4372031037300439,0.9,True,True,True,True
1.2.0,local-degradation-aware-lemonade-reselection,pilot-028,n26,n54,random,0.2,20,100,233,3,36,5,3,12,degradation_aware_delta_0.85,3,0.8612313612313612,0.9476051865572903,0.4713541666666667,0.5286458333333333,0.0,0.041666666666666664,1.0,0.3333333333333333,0.6666666666666666,2.0,0.19742288728356838,1.2066666666666666,0.3333333333333333,0.40523130523310097,0.85,True,True,True,True
1.2.0,local-degradation-aware-lemonade-reselection,pilot-028,n26,n54,random,0.2,20,100,233,3,36,5,3,12,degradation_aware_delta_0.80,3,0.9094291125541125,1.0006367425244773,0.5091145833333334,0.49088541666666663,0.0,0.07912457912457913,1.0,0.0,1.0,3.6666666666666665,0.17889619883040933,1.181967213114754,0.36065573770491804,0.4372031037300439,0.8,True,True,True,True
1.2.0,local-degradation-aware-lemonade-reselection,pilot-028,n26,n54,targeted,0.2,20,100,233,3,36,5,3,12,lemonade_reset,3,0.9088504088504088,1.0,0.4947916666666667,0.5052083333333333,0.0,0.06060606060606061,1.0,0.0,1.0,5.0,0.2073765909872721,1.1875,0.3333333333333333,0.44244119991582603,,True,False,False,False
1.2.0,local-degradation-aware-lemonade-reselection,pilot-028,n26,n54,targeted,0.2,20,100,233,3,36,5,3,12,node_score_aware_delta_0.90,3,0.890993265993266,0.9803519449589839,0.5026041666666666,0.49739583333333337,0.0,0.0787037037037037,1.0,0.0,1.0,5.0,0.18433366169434282,1.0620689655172415,0.3793103448275862,0.41488821471541554,0.9,True,True,True,False
1.2.0,local-degradation-aware-lemonade-reselection,pilot-028,n26,n54,targeted,0.2,20,100,233,3,36,5,3,12,degradation_aware_delta_0.90,3,0.9094291125541125,1.0006367425244773,0.4895833333333333,0.5104166666666667,0.0,0.07912457912457913,1.0,0.0,1.0,7.0,0.17889619883040933,1.181967213114754,0.36065573770491804,0.4372031037300439,0.9,True,True,True,True
1.2.0,local-degradation-aware-lemonade-reselection,pilot-028,n26,n54,targeted,0.2,20,100,233,3,36,5,3,12,degradation_aware_delta_0.85,3,0.8612313612313612,0.9476051865572903,0.4713541666666667,0.5286458333333333,0.0,0.041666666666666664,1.0,0.0,1.0,3.6666666666666665,0.19742288728356838,1.2066666666666666,0.3333333333333333,0.40523130523310097,0.85,True,True,True,True
1.2.0,local-degradation-aware-lemonade-reselection,pilot-028,n26,n54,targeted,0.2,20,100,233,3,36,5,3,12,degradation_aware_delta_0.80,3,0.9094291125541125,1.0006367425244773,0.5091145833333334,0.49088541666666663,0.0,0.07912457912457913,1.0,0.0,1.0,7.0,0.17889619883040933,1.181967213114754,0.36065573770491804,0.4372031037300439,0.8,True,True,True,True
1.2.0,local-degradation-aware-lemonade-reselection,pilot-028,n26,n54,behavioral,0.2,0,100,233,3,36,5,3,12,lemonade_reset,3,0.9088504088504088,1.0,0.4947916666666667,0.5052083333333333,0.0,0.06060606060606061,1.0,1.0,0.0,0.0,0.2073765909872721,1.1875,0.3333333333333333,0.44244119991582603,,True,False,False,False
1.2.0,local-degradation-aware-lemonade-reselection,pilot-028,n26,n54,behavioral,0.2,0,100,233,3,36,5,3,12,node_score_aware_delta_0.90,3,0.890993265993266,0.9803519449589839,0.5026041666666666,0.49739583333333337,0.0,0.0787037037037037,1.0,1.0,0.0,0.0,0.18433366169434282,1.0620689655172415,0.3793103448275862,0.41488821471541554,0.9,True,True,True,False
1.2.0,local-degradation-aware-lemonade-reselection,pilot-028,n26,n54,behavioral,0.2,0,100,233,3,36,5,3,12,degradation_aware_delta_0.90,3,0.9094291125541125,1.0006367425244773,0.4895833333333333,0.5104166666666667,0.0,0.07912457912457913,1.0,1.0,0.0,0.0,0.17889619883040933,1.181967213114754,0.36065573770491804,0.4372031037300439,0.9,True,True,True,True
1.2.0,local-degradation-aware-lemonade-reselection,pilot-028,n26,n54,behavioral,0.2,0,100,233,3,36,5,3,12,degradation_aware_delta_0.85,3,0.8612313612313612,0.9476051865572903,0.4713541666666667,0.5286458333333333,0.0,0.041666666666666664,1.0,1.0,0.0,0.0,0.19742288728356838,1.2066666666666666,0.3333333333333333,0.40523130523310097,0.85,True,True,True,True
1.2.0,local-degradation-aware-lemonade-reselection,pilot-028,n26,n54,behavioral,0.2,0,100,233,3,36,5,3,12,degradation_aware_delta_0.80,3,0.9094291125541125,1.0006367425244773,0.5091145833333334,0.49088541666666663,0.0,0.07912457912457913,1.0,1.0,0.0,0.0,0.17889619883040933,1.181967213114754,0.36065573770491804,0.4372031037300439,0.8,True,True,True,True
1.2.0,local-degradation-aware-lemonade-reselection,pilot-029,n20,n69,random,0.2,20,100,224,3,36,5,3,12,lemonade_reset,3,0.9122471731167384,1.0,0.4934895833333333,0.5065104166666667,0.0,0.05555555555555555,1.0,0.3333333333333333,0.6666666666666666,3.0,0.2007232462877624,1.190909090909091,0.4318181818181818,0.4149285809879361,,True,False,False,False
1.2.0,local-degradation-aware-lemonade-reselection,pilot-029,n20,n69,random,0.2,20,100,224,3,36,5,3,12,node_score_aware_delta_0.90,3,0.9362240922549478,1.0262833581125728,0.53125,0.46875,0.0,0.044444444444444446,1.0,0.0,1.0,4.0,0.1629414100684262,1.289655172413793,0.3620689655172414,0.3928231336513135,0.9,True,True,True,False
1.2.0,local-degradation-aware-lemonade-reselection,pilot-029,n20,n69,random,0.2,20,100,224,3,36,5,3,12,degradation_aware_delta_0.90,3,0.9362240922549478,1.0262833581125728,0.5221354166666666,0.47786458333333337,0.0,0.044444444444444446,1.0,0.0,1.0,4.0,0.1629414100684262,1.289655172413793,0.3620689655172414,0.3928231336513135,0.9,True,True,True,True
1.2.0,local-degradation-aware-lemonade-reselection,pilot-029,n20,n69,random,0.2,20,100,224,3,36,5,3,12,degradation_aware_delta_0.85,3,0.9362240922549478,1.0262833581125728,0.4947916666666667,0.5052083333333333,0.0,0.044444444444444446,1.0,0.0,1.0,4.0,0.1629414100684262,1.289655172413793,0.3620689655172414,0.3928231336513135,0.85,True,True,True,True
1.2.0,local-degradation-aware-lemonade-reselection,pilot-029,n20,n69,random,0.2,20,100,224,3,36,5,3,12,degradation_aware_delta_0.80,3,0.9383608443917,1.0286256532708595,0.4908854166666667,0.5091145833333333,0.0,0.2222222222222222,1.0,0.3333333333333333,0.6666666666666666,4.333333333333333,0.16513296850998463,1.2444444444444445,0.4074074074074074,0.42023486006233046,0.8,True,True,False,False
1.2.0,local-degradation-aware-lemonade-reselection,pilot-029,n20,n69,targeted,0.2,20,100,224,3,36,5,3,12,lemonade_reset,3,0.9122471731167384,1.0,0.4934895833333333,0.5065104166666667,0.0,0.05555555555555555,1.0,0.0,1.0,2.6666666666666665,0.2007232462877624,1.190909090909091,0.4318181818181818,0.4149285809879361,,True,False,False,False
1.2.0,local-degradation-aware-lemonade-reselection,pilot-029,n20,n69,targeted,0.2,20,100,224,3,36,5,3,12,node_score_aware_delta_0.90,3,0.9362240922549478,1.0262833581125728,0.53125,0.46875,0.0,0.044444444444444446,1.0,0.0,1.0,4.333333333333333,0.1629414100684262,1.289655172413793,0.3620689655172414,0.3928231336513135,0.9,True,True,True,False
1.2.0,local-degradation-aware-lemonade-reselection,pilot-029,n20,n69,targeted,0.2,20,100,224,3,36,5,3,12,degradation_aware_delta_0.90,3,0.9362240922549478,1.0262833581125728,0.5221354166666666,0.47786458333333337,0.0,0.044444444444444446,1.0,0.0,1.0,4.333333333333333,0.1629414100684262,1.289655172413793,0.3620689655172414,0.3928231336513135,0.9,True,True,True,True
1.2.0,local-degradation-aware-lemonade-reselection,pilot-029,n20,n69,targeted,0.2,20,100,224,3,36,5,3,12,degradation_aware_delta_0.85,3,0.9362240922549478,1.0262833581125728,0.4947916666666667,0.5052083333333333,0.0,0.044444444444444446,1.0,0.0,1.0,4.333333333333333,0.1629414100684262,1.289655172413793,0.3620689655172414,0.3928231336513135,0.85,True,True,True,True
1.2.0,local-degradation-aware-lemonade-reselection,pilot-029,n20,n69,targeted,0.2,20,100,224,3,36,5,3,12,degradation_aware_delta_0.80,3,0.9383608443917,1.0286256532708595,0.4908854166666667,0.5091145833333333,0.0,0.2222222222222222,1.0,0.0,1.0,3.6666666666666665,0.16513296850998463,1.2444444444444445,0.4074074074074074,0.42023486006233046,0.8,True,True,False,False
1.2.0,local-degradation-aware-lemonade-reselection,pilot-029,n20,n69,behavioral,0.2,0,100,224,3,36,5,3,12,lemonade_reset,3,0.9122471731167384,1.0,0.4934895833333333,0.5065104166666667,0.0,0.05555555555555555,1.0,1.0,0.0,0.0,0.2007232462877624,1.190909090909091,0.4318181818181818,0.4149285809879361,,True,False,False,False
1.2.0,local-degradation-aware-lemonade-reselection,pilot-029,n20,n69,behavioral,0.2,0,100,224,3,36,5,3,12,node_score_aware_delta_0.90,3,0.9362240922549478,1.0262833581125728,0.53125,0.46875,0.0,0.044444444444444446,1.0,1.0,0.0,0.0,0.1629414100684262,1.289655172413793,0.3620689655172414,0.3928231336513135,0.9,True,True,True,False
1.2.0,local-degradation-aware-lemonade-reselection,pilot-029,n20,n69,behavioral,0.2,0,100,224,3,36,5,3,12,degradation_aware_delta_0.90,3,0.9362240922549478,1.0262833581125728,0.5221354166666666,0.47786458333333337,0.0,0.044444444444444446,1.0,1.0,0.0,0.0,0.1629414100684262,1.289655172413793,0.3620689655172414,0.3928231336513135,0.9,True,True,True,True
1.2.0,local-degradation-aware-lemonade-reselection,pilot-029,n20,n69,behavioral,0.2,0,100,224,3,36,5,3,12,degradation_aware_delta_0.85,3,0.9362240922549478,1.0262833581125728,0.4947916666666667,0.5052083333333333,0.0,0.044444444444444446,1.0,1.0,0.0,0.0,0.1629414100684262,1.289655172413793,0.3620689655172414,0.3928231336513135,0.85,True,True,True,True
1.2.0,local-degradation-aware-lemonade-reselection,pilot-029,n20,n69,behavioral,0.2,0,100,224,3,36,5,3,12,degradation_aware_delta_0.80,3,0.9383608443917,1.0286256532708595,0.4908854166666667,0.5091145833333333,0.0,0.2222222222222222,1.0,1.0,0.0,0.0,0.16513296850998463,1.2444444444444445,0.4074074074074074,0.42023486006233046,0.8,True,True,False,False
